Year,Region,State / County Name,All Ages in Poverty Count,All Ages in Poverty Percent,Median Household Income in Dollars
2017,Northeast,Alachua County (FL),53816,21.2,45230
2016,Northeast,Alachua County (FL),55990,22.3,45294
2015,Northeast,Alachua County (FL),52258,21.1,47023
2014,Northeast,Alachua County (FL),52756,21.6,44325
2013,Northeast,Alachua County (FL),62056,25.7,39614
2012,Northeast,Alachua County (FL),63656,26.6,41297
2011,Northeast,Alachua County (FL),55679,23.5,39825
2010,Northeast,Alachua County (FL),59315,25.3,40656
2009,Northeast,Alachua County (FL),53221,23,38597
2008,Northeast,Alachua County (FL),45946,20,42980
2007,Northeast,Alachua County (FL),51984,22.8,38075
2006,Northeast,Alachua County (FL),46761,21.8,37046
2005,Northeast,Alachua County (FL),45649,21.8,35474
2004,Northeast,Alachua County (FL),30836,14.5,34696
2003,Northeast,Alachua County (FL),34166,16.2,33176
2002,Northeast,Alachua County (FL),32170,15.1,32153
2001,Northeast,Alachua County (FL),31706,15.1,32061
2000,Northeast,Alachua County (FL),30721,14.7,32724
1999,Northeast,Alachua County (FL),31993,15.4,31889
1998,Northeast,Alachua County (FL),32273,17.1,33585
1997,Northeast,Alachua County (FL),34670,18.3,31382
1996,Northeast,Alachua County (FL),0,0,0
1995,Northeast,Alachua County (FL),36242,19.2,27860
1993,Northeast,Alachua County (FL),37326,20.2,26597
1989,Northeast,Alachua County (FL),31212,18,23673
2017,Northeast,Baker County (FL),3900,15.3,51856
2016,Northeast,Baker County (FL),4329,17.2,51904
2015,Northeast,Baker County (FL),4189,16.8,50883
2014,Northeast,Baker County (FL),4826,19.6,47121
2013,Northeast,Baker County (FL),4621,18.8,46505
2012,Northeast,Baker County (FL),4627,18.8,45721
2011,Northeast,Baker County (FL),4602,18.6,42564
2010,Northeast,Baker County (FL),4318,17.5,45802
2009,Northeast,Baker County (FL),4098,17.2,46513
2008,Northeast,Baker County (FL),3628,15.3,48443
2007,Northeast,Baker County (FL),3350,14.4,45783
2006,Northeast,Baker County (FL),3367,14.7,44860
2005,Northeast,Baker County (FL),3204,14.5,43011
2004,Northeast,Baker County (FL),2839,12.7,41589
2003,Northeast,Baker County (FL),2981,13.7,39281
2002,Northeast,Baker County (FL),2824,13.3,38438
2001,Northeast,Baker County (FL),2873,13.7,38049
2000,Northeast,Baker County (FL),2782,13.6,39070
1999,Northeast,Baker County (FL),2835,14,36321
1998,Northeast,Baker County (FL),3081,15.9,33966
1997,Northeast,Baker County (FL),3255,16.9,32377
1996,Northeast,Baker County (FL),0,0,0
1995,Northeast,Baker County (FL),3415,18.1,31198
1993,Northeast,Baker County (FL),3561,19.4,27614
1989,Northeast,Baker County (FL),2497,14.8,25409
2017,Northwest,Bay County (FL),26663,14.9,51633
2016,Northwest,Bay County (FL),26845,14.9,48843
2015,Northwest,Bay County (FL),29301,16.5,47745
2014,Northwest,Bay County (FL),27165,15.6,44800
2013,Northwest,Bay County (FL),30719,18,45249
2012,Northwest,Bay County (FL),27752,16.5,45259
2011,Northwest,Bay County (FL),23927,14.4,44204
2010,Northwest,Bay County (FL),24862,15.1,44364
2009,Northwest,Bay County (FL),23220,14.4,43930
2008,Northwest,Bay County (FL),19051,11.9,45655
2007,Northwest,Bay County (FL),19151,12,47495
2006,Northwest,Bay County (FL),22068,13.8,44058
2005,Northwest,Bay County (FL),21549,13.7,40540
2004,Northwest,Bay County (FL),18777,11.9,38972
2003,Northwest,Bay County (FL),19810,12.8,37081
2002,Northwest,Bay County (FL),18790,12.4,35718
2001,Northwest,Bay County (FL),19230,12.9,35111
2000,Northwest,Bay County (FL),18576,12.7,35547
1999,Northwest,Bay County (FL),19716,13.6,34125
1998,Northwest,Bay County (FL),21429,14.6,33070
1997,Northwest,Bay County (FL),21975,15.1,32047
1996,Northwest,Bay County (FL),0,0,0
1995,Northwest,Bay County (FL),22048,15.3,29600
1993,Northwest,Bay County (FL),22820,16.3,26846
1989,Northwest,Bay County (FL),18173,14.4,23194
2017,Northeast,Bradford County (FL),4533,19.1,44997
2016,Northeast,Bradford County (FL),4392,18.6,43058
2015,Northeast,Bradford County (FL),5013,21.3,40879
2014,Northeast,Bradford County (FL),5287,22.6,39980
2013,Northeast,Bradford County (FL),5126,21.8,40668
2012,Northeast,Bradford County (FL),5471,23.1,38680
2011,Northeast,Bradford County (FL),5479,23.1,39271
2010,Northeast,Bradford County (FL),4643,19.4,39454
2009,Northeast,Bradford County (FL),5402,22.5,38360
2008,Northeast,Bradford County (FL),4649,19.3,41154
2007,Northeast,Bradford County (FL),4027,16.9,40542
2006,Northeast,Bradford County (FL),3826,16.3,38060
2005,Northeast,Bradford County (FL),3678,15.9,36699
2004,Northeast,Bradford County (FL),3457,14.8,34104
2003,Northeast,Bradford County (FL),3709,16.2,32598
2002,Northeast,Bradford County (FL),4020,17.8,31626
2001,Northeast,Bradford County (FL),4039,18.2,31917
2000,Northeast,Bradford County (FL),3663,16.5,32889
1999,Northeast,Bradford County (FL),3593,16.3,31380
1998,Northeast,Bradford County (FL),3986,18.7,31413
1997,Northeast,Bradford County (FL),4710,22.2,30033
1996,Northeast,Bradford County (FL),0,0,0
1995,Northeast,Bradford County (FL),4578,22.2,28225
1993,Northeast,Bradford County (FL),4408,21.6,25277
1989,Northeast,Bradford County (FL),4259,21.9,21097
2017,Central,Brevard County (FL),72303,12.4,52596
2016,Central,Brevard County (FL),84028,14.7,51214
2015,Central,Brevard County (FL),75268,13.4,50352
2014,Central,Brevard County (FL),79657,14.5,47973
2013,Central,Brevard County (FL),81663,15,46677
2012,Central,Brevard County (FL),79841,14.8,46332
2011,Central,Brevard County (FL),75869,14.2,46494
2010,Central,Brevard County (FL),72157,13.5,46331
2009,Central,Brevard County (FL),61045,11.6,45683
2008,Central,Brevard County (FL),56466,10.7,49473
2007,Central,Brevard County (FL),45501,8.6,50261
2006,Central,Brevard County (FL),52532,10,46415
2005,Central,Brevard County (FL),52674,10.1,43403
2004,Central,Brevard County (FL),48247,9.2,44248
2003,Central,Brevard County (FL),51408,10.1,42192
2002,Central,Brevard County (FL),48682,9.8,40342
2001,Central,Brevard County (FL),47131,9.7,39862
2000,Central,Brevard County (FL),43944,9.2,40673
1999,Central,Brevard County (FL),45718,9.7,38310
1998,Central,Brevard County (FL),49193,10.5,38249
1997,Central,Brevard County (FL),52556,11.3,36353
1996,Central,Brevard County (FL),0,0,0
1995,Central,Brevard County (FL),51979,11.4,34729
1993,Central,Brevard County (FL),51543,11.6,33284
1989,Central,Brevard County (FL),33833,8.5,29229
2017,Southeast,Broward County (FL),252288,13.1,56702
2016,Southeast,Broward County (FL),256027,13.5,54055
2015,Southeast,Broward County (FL),263607,14,53624
2014,Southeast,Broward County (FL),268418,14.5,51485
2013,Southeast,Broward County (FL),276804,15.2,50343
2012,Southeast,Broward County (FL),274118,15.2,49564
2011,Southeast,Broward County (FL),263435,14.9,48478
2010,Southeast,Broward County (FL),256295,14.7,47917
2009,Southeast,Broward County (FL),227374,13,48772
2008,Southeast,Broward County (FL),208162,12,51594
2007,Southeast,Broward County (FL),197760,11.4,52504
2006,Southeast,Broward County (FL),198652,11.2,50399
2005,Southeast,Broward County (FL),196254,11.2,46618
2004,Southeast,Broward County (FL),203799,11.6,43136
2003,Southeast,Broward County (FL),217958,12.5,42673
2002,Southeast,Broward County (FL),200535,11.7,42497
2001,Southeast,Broward County (FL),185002,11,42311
2000,Southeast,Broward County (FL),162841,9.8,42690
1999,Southeast,Broward County (FL),170962,10.6,40328
1998,Southeast,Broward County (FL),169273,11,40589
1997,Southeast,Broward County (FL),176882,11.7,37832
1996,Southeast,Broward County (FL),0,0,0
1995,Southeast,Broward County (FL),177365,12.2,33895
1993,Southeast,Broward County (FL),171871,12.3,31264
1989,Southeast,Broward County (FL),115581,9.2,27615
2017,Northwest,Calhoun County (FL),2650,21.1,37612
2016,Northwest,Calhoun County (FL),2742,21.9,36708
2015,Northwest,Calhoun County (FL),2781,22.2,36062
2014,Northwest,Calhoun County (FL),2800,22.3,35256
2013,Northwest,Calhoun County (FL),3018,23.8,33977
2012,Northwest,Calhoun County (FL),3050,24,33418
2011,Northwest,Calhoun County (FL),3326,25.9,32395
2010,Northwest,Calhoun County (FL),2802,22.1,34054
2009,Northwest,Calhoun County (FL),2445,20.8,32920
2008,Northwest,Calhoun County (FL),2479,20.9,33613
2007,Northwest,Calhoun County (FL),2761,23.3,28186
2006,Northwest,Calhoun County (FL),2387,20.4,31397
2005,Northwest,Calhoun County (FL),2442,21.2,28450
2004,Northwest,Calhoun County (FL),1997,17.2,27521
2003,Northwest,Calhoun County (FL),2084,18.2,26615
2002,Northwest,Calhoun County (FL),2279,20.2,26172
2001,Northwest,Calhoun County (FL),2419,21.7,26239
2000,Northwest,Calhoun County (FL),2367,21.1,27027
1999,Northwest,Calhoun County (FL),2204,19.4,26311
1998,Northwest,Calhoun County (FL),2384,21.3,26406
1997,Northwest,Calhoun County (FL),2567,23,25362
1996,Northwest,Calhoun County (FL),0,0,0
1995,Northwest,Calhoun County (FL),2564,22.9,24013
1993,Northwest,Calhoun County (FL),2421,22.3,21412
1989,Northwest,Calhoun County (FL),2522,24.9,17648
2017,Southwest,Charlotte County (FL),19300,10.8,51583
2016,Southwest,Charlotte County (FL),22087,12.6,44935
2015,Southwest,Charlotte County (FL),20980,12.4,45495
2014,Southwest,Charlotte County (FL),19704,11.9,43242
2013,Southwest,Charlotte County (FL),23295,14.4,43611
2012,Southwest,Charlotte County (FL),21961,13.8,44454
2011,Southwest,Charlotte County (FL),20821,13.2,41346
2010,Southwest,Charlotte County (FL),21748,13.9,41991
2009,Southwest,Charlotte County (FL),18763,12.2,40874
2008,Southwest,Charlotte County (FL),15200,10.3,46378
2007,Southwest,Charlotte County (FL),13755,9.2,46328
2006,Southwest,Charlotte County (FL),12801,8.5,43746
2005,Southwest,Charlotte County (FL),14831,9.6,39159
2004,Southwest,Charlotte County (FL),12485,8.1,37820
2003,Southwest,Charlotte County (FL),14402,9.3,36514
2002,Southwest,Charlotte County (FL),15279,10.1,35408
2001,Southwest,Charlotte County (FL),14911,10.2,34922
2000,Southwest,Charlotte County (FL),12783,9,36087
1999,Southwest,Charlotte County (FL),12044,8.6,34245
1998,Southwest,Charlotte County (FL),12844,9.5,33253
1997,Southwest,Charlotte County (FL),12782,9.5,32211
1996,Southwest,Charlotte County (FL),0,0,0
1995,Southwest,Charlotte County (FL),12678,9.7,30650
1993,Southwest,Charlotte County (FL),12493,10,26217
1989,Southwest,Charlotte County (FL),7397,6.7,22546
2017,Central,Citrus County (FL),20654,14.4,43147
2016,Central,Citrus County (FL),23472,16.6,40009
2015,Central,Citrus County (FL),24249,17.5,39982
2014,Central,Citrus County (FL),27449,20.1,36383
2013,Central,Citrus County (FL),23632,17.3,39285
2012,Central,Citrus County (FL),25611,18.7,38937
2011,Central,Citrus County (FL),23766,17.3,35041
2010,Central,Citrus County (FL),23869,17.2,36174
2009,Central,Citrus County (FL),21848,15.8,37861
2008,Central,Citrus County (FL),22058,15.8,38476
2007,Central,Citrus County (FL),16661,12.1,36979
2006,Central,Citrus County (FL),16020,11.8,35563
2005,Central,Citrus County (FL),17542,13.3,34171
2004,Central,Citrus County (FL),14808,11.2,33576
2003,Central,Citrus County (FL),15989,12.4,31932
2002,Central,Citrus County (FL),16616,13.3,30657
2001,Central,Citrus County (FL),16285,13.4,30253
2000,Central,Citrus County (FL),14709,12.3,31358
1999,Central,Citrus County (FL),14398,12.3,29746
1998,Central,Citrus County (FL),15799,13.6,28222
1997,Central,Citrus County (FL),16523,14.5,26883
1996,Central,Citrus County (FL),0,0,0
1995,Central,Citrus County (FL),16934,15.3,25402
1993,Central,Citrus County (FL),16217,15.5,21470
1989,Central,Citrus County (FL),11540,12.3,18192
2017,Northeast,Clay County (FL),20889,9.9,65375
2016,Northeast,Clay County (FL),19785,9.6,57476
2015,Northeast,Clay County (FL),23388,11.6,59244
2014,Northeast,Clay County (FL),21658,10.9,58539
2013,Northeast,Clay County (FL),19259,9.9,57991
2012,Northeast,Clay County (FL),21081,10.9,56359
2011,Northeast,Clay County (FL),20766,10.9,54867
2010,Northeast,Clay County (FL),21453,11.3,57913
2009,Northeast,Clay County (FL),16944,9.2,57858
2008,Northeast,Clay County (FL),15135,8.3,61057
2007,Northeast,Clay County (FL),14398,8,58696
2006,Northeast,Clay County (FL),11996,6.8,59994
2005,Northeast,Clay County (FL),13660,8.1,54277
2004,Northeast,Clay County (FL),12080,7.1,53201
2003,Northeast,Clay County (FL),12023,7.4,51376
2002,Northeast,Clay County (FL),10533,6.7,50173
2001,Northeast,Clay County (FL),10977,7.3,49070
2000,Northeast,Clay County (FL),9925,6.9,48988
1999,Northeast,Clay County (FL),10155,7.3,46181
1998,Northeast,Clay County (FL),10869,7.7,45023
1997,Northeast,Clay County (FL),10656,7.7,42729
1996,Northeast,Clay County (FL),0,0,0
1995,Northeast,Clay County (FL),10168,7.8,41161
1993,Northeast,Clay County (FL),10669,8.8,38130
1989,Northeast,Clay County (FL),6098,5.7,33668
2017,Southwest,Collier County (FL),43075,11.7,66709
2016,Southwest,Collier County (FL),41076,11.4,62397
2015,Southwest,Collier County (FL),48198,13.6,62385
2014,Southwest,Collier County (FL),49211,14.3,58403
2013,Southwest,Collier County (FL),45016,13.4,55584
2012,Southwest,Collier County (FL),46593,14.2,54475
2011,Southwest,Collier County (FL),52583,16.2,51039
2010,Southwest,Collier County (FL),50218,15.7,53341
2009,Southwest,Collier County (FL),39648,12.6,53934
2008,Southwest,Collier County (FL),31866,10.2,61379
2007,Southwest,Collier County (FL),30996,9.9,58519
2006,Southwest,Collier County (FL),30426,9.8,56135
2005,Southwest,Collier County (FL),28896,9.6,52301
2004,Southwest,Collier County (FL),26829,8.8,48812
2003,Southwest,Collier County (FL),28186,9.6,48242
2002,Southwest,Collier County (FL),27168,9.6,47591
2001,Southwest,Collier County (FL),26462,9.7,47204
2000,Southwest,Collier County (FL),23348,8.9,47792
1999,Southwest,Collier County (FL),23252,9.3,45037
1998,Southwest,Collier County (FL),23448,10.3,42732
1997,Southwest,Collier County (FL),22518,11.2,41000
1996,Southwest,Collier County (FL),0,0,0
1995,Southwest,Collier County (FL),22759,12,38303
1993,Southwest,Collier County (FL),23496,13.1,33722
1989,Southwest,Collier County (FL),14891,9.8,30883
2017,Northeast,Columbia County (FL),10720,16.5,42097
2016,Northeast,Columbia County (FL),11449,17.8,41667
2015,Northeast,Columbia County (FL),12413,19.7,43303
2014,Northeast,Columbia County (FL),13604,21.7,38484
2013,Northeast,Columbia County (FL),11780,18.8,41722
2012,Northeast,Columbia County (FL),14714,23.4,37091
2011,Northeast,Columbia County (FL),13644,21.7,36452
2010,Northeast,Columbia County (FL),12253,19.5,34870
2009,Northeast,Columbia County (FL),12354,19.1,36923
2008,Northeast,Columbia County (FL),11615,18,38816
2007,Northeast,Columbia County (FL),8837,13.9,40422
2006,Northeast,Columbia County (FL),11409,18.2,37724
2005,Northeast,Columbia County (FL),11447,19,33383
2004,Northeast,Columbia County (FL),8558,14.1,32455
2003,Northeast,Columbia County (FL),9211,15.7,30815
2002,Northeast,Columbia County (FL),9822,17.2,29711
2001,Northeast,Columbia County (FL),9526,17.2,30151
2000,Northeast,Columbia County (FL),8824,16.2,31293
1999,Northeast,Columbia County (FL),8741,16.2,29820
1998,Northeast,Columbia County (FL),9652,18.5,29565
1997,Northeast,Columbia County (FL),10076,19.7,28521
1996,Northeast,Columbia County (FL),0,0,0
1995,Northeast,Columbia County (FL),10203,20.4,28359
1993,Northeast,Columbia County (FL),9506,20.4,25817
1989,Northeast,Columbia County (FL),7363,17.4,21685
2017,West,DeSoto County (FL),8766,26.1,37342
2016,West,DeSoto County (FL),9323,28.6,34146
2015,West,DeSoto County (FL),9821,30.5,34380
2014,West,DeSoto County (FL),9434,29.7,36945
2013,West,DeSoto County (FL),10572,33.9,33198
2012,West,DeSoto County (FL),9503,30.2,33602
2011,West,DeSoto County (FL),9815,31,32753
2010,West,DeSoto County (FL),10429,32.9,33966
2009,West,DeSoto County (FL),8409,25.6,33791
2008,West,DeSoto County (FL),7095,22.4,37478
2007,West,DeSoto County (FL),6915,21.4,35988
2006,West,DeSoto County (FL),9957,30.3,32754
2005,West,DeSoto County (FL),6848,21.4,34879
2004,West,DeSoto County (FL),5542,16.7,28638
2003,West,DeSoto County (FL),6016,18.4,27784
2002,West,DeSoto County (FL),6758,21.3,27850
2001,West,DeSoto County (FL),6657,21.6,28571
2000,West,DeSoto County (FL),5918,19.4,29950
1999,West,DeSoto County (FL),5566,18.6,28195
1998,West,DeSoto County (FL),5106,22,26960
1997,West,DeSoto County (FL),5427,23.4,25525
1996,West,DeSoto County (FL),0,0,0
1995,West,DeSoto County (FL),6143,24.8,23364
1993,West,DeSoto County (FL),5906,25,20515
1989,West,DeSoto County (FL),4453,20.1,18157
2017,Northeast,Dixie County (FL),3627,24.4,38355
2016,Northeast,Dixie County (FL),3697,25.4,34146
2015,Northeast,Dixie County (FL),4264,29.3,35749
2014,Northeast,Dixie County (FL),3911,27.1,32121
2013,Northeast,Dixie County (FL),3916,27.1,31649
2012,Northeast,Dixie County (FL),3988,27.3,31913
2011,Northeast,Dixie County (FL),3789,25.2,30801
2010,Northeast,Dixie County (FL),3968,26.6,30967
2009,Northeast,Dixie County (FL),3157,23.7,30268
2008,Northeast,Dixie County (FL),3083,22.8,31443
2007,Northeast,Dixie County (FL),2921,21.6,31018
2006,Northeast,Dixie County (FL),3061,22.6,28847
2005,Northeast,Dixie County (FL),3164,24,28251
2004,Northeast,Dixie County (FL),2384,18,26999
2003,Northeast,Dixie County (FL),2456,18.8,25874
2002,Northeast,Dixie County (FL),2716,20.8,26367
2001,Northeast,Dixie County (FL),2859,21.9,25336
2000,Northeast,Dixie County (FL),2708,21.2,26372
1999,Northeast,Dixie County (FL),2544,20,25183
1998,Northeast,Dixie County (FL),2919,23,23852
1997,Northeast,Dixie County (FL),2988,23.9,21982
1996,Northeast,Dixie County (FL),0,0,0
1995,Northeast,Dixie County (FL),3060,25.7,20367
1993,Northeast,Dixie County (FL),2916,25.8,17098
1989,Northeast,Dixie County (FL),2567,25.3,14637
2017,Northeast,Duval County (FL),138069,15.1,52105
2016,Northeast,Duval County (FL),131327,14.5,51948
2015,Northeast,Duval County (FL),142660,16,49565
2014,Northeast,Duval County (FL),159748,18.2,46013
2013,Northeast,Duval County (FL),148217,17.1,47876
2012,Northeast,Duval County (FL),155085,18,43835
2011,Northeast,Duval County (FL),150591,17.7,45995
2010,Northeast,Duval County (FL),140254,16.6,46112
2009,Northeast,Duval County (FL),128651,15.3,47002
2008,Northeast,Duval County (FL),101194,12.1,50660
2007,Northeast,Duval County (FL),103204,12.4,49175
2006,Northeast,Duval County (FL),112231,13.7,45770
2005,Northeast,Duval County (FL),97784,12.1,44694
2004,Northeast,Duval County (FL),95190,11.7,41736
2003,Northeast,Duval County (FL),103046,12.8,40457
2002,Northeast,Duval County (FL),93075,11.6,39965
2001,Northeast,Duval County (FL),88534,11.3,40618
2000,Northeast,Duval County (FL),81570,10.5,41326
1999,Northeast,Duval County (FL),87877,11.5,38719
1998,Northeast,Duval County (FL),94323,12.8,37739
1997,Northeast,Duval County (FL),98139,13.4,35883
1996,Northeast,Duval County (FL),0,0,0
1995,Northeast,Duval County (FL),105120,14.5,33810
1993,Northeast,Duval County (FL),108785,15.4,32128
1989,Northeast,Duval County (FL),89414,13.4,26139
2017,Northwest,Escambia County (FL),48602,16.4,48289
2016,Northwest,Escambia County (FL),45044,15.2,45004
2015,Northwest,Escambia County (FL),44835,15.4,45735
2014,Northwest,Escambia County (FL),44320,15.3,46139
2013,Northwest,Escambia County (FL),50580,17.6,42742
2012,Northwest,Escambia County (FL),50534,17.8,44539
2011,Northwest,Escambia County (FL),52051,18.5,41072
2010,Northwest,Escambia County (FL),53655,19.1,41428
2009,Northwest,Escambia County (FL),53032,18.9,40794
2008,Northwest,Escambia County (FL),44908,16,41690
2007,Northwest,Escambia County (FL),42311,15,41772
2006,Northwest,Escambia County (FL),43487,15.9,41923
2005,Northwest,Escambia County (FL),43483,15.9,39830
2004,Northwest,Escambia County (FL),39036,14.2,36743
2003,Northwest,Escambia County (FL),43153,15.7,35347
2002,Northwest,Escambia County (FL),41984,15.4,34528
2001,Northwest,Escambia County (FL),42846,15.8,34160
2000,Northwest,Escambia County (FL),40144,14.8,34355
1999,Northwest,Escambia County (FL),41433,15.2,32733
1998,Northwest,Escambia County (FL),46163,16.9,31891
1997,Northwest,Escambia County (FL),48916,17.8,31069
1996,Northwest,Escambia County (FL),0,0,0
1995,Northwest,Escambia County (FL),51684,19,29527
1993,Northwest,Escambia County (FL),54027,20.3,27848
1989,Northwest,Escambia County (FL),44698,17.4,23493
2017,Northeast,Flagler County (FL),13137,12,52713
2016,Northeast,Flagler County (FL),11997,11.2,50863
2015,Northeast,Flagler County (FL),12213,11.7,50347
2014,Northeast,Flagler County (FL),11775,11.6,51556
2013,Northeast,Flagler County (FL),14322,14.5,47872
2012,Northeast,Flagler County (FL),14919,15.3,44460
2011,Northeast,Flagler County (FL),14216,14.7,47095
2010,Northeast,Flagler County (FL),14738,15.5,45685
2009,Northeast,Flagler County (FL),10286,11.3,50249
2008,Northeast,Flagler County (FL),8882,9.8,49014
2007,Northeast,Flagler County (FL),8838,10.1,45639
2006,Northeast,Flagler County (FL),6769,8.2,46685
2005,Northeast,Flagler County (FL),7257,9.6,45355
2004,Northeast,Flagler County (FL),5936,7.8,45374
2003,Northeast,Flagler County (FL),5635,8.2,42681
2002,Northeast,Flagler County (FL),5552,9,40310
2001,Northeast,Flagler County (FL),5359,9.4,39132
2000,Northeast,Flagler County (FL),4676,8.8,40435
1999,Northeast,Flagler County (FL),4822,9.7,38038
1998,Northeast,Flagler County (FL),4827,9.8,36072
1997,Northeast,Flagler County (FL),5014,10.5,34675
1996,Northeast,Flagler County (FL),0,0,0
1995,Northeast,Flagler County (FL),4595,10.4,34891
1993,Northeast,Flagler County (FL),4161,10.9,28184
1989,Northeast,Flagler County (FL),2449,8.4,23618
2017,Northwest,Franklin County (FL),2141,21.3,40158
2016,Northwest,Franklin County (FL),2337,23.1,37479
2015,Northwest,Franklin County (FL),2351,23.7,38220
2014,Northwest,Franklin County (FL),2507,25.3,36788
2013,Northwest,Franklin County (FL),2545,25.9,33471
2012,Northwest,Franklin County (FL),2407,24.5,37868
2011,Northwest,Franklin County (FL),2180,22.3,35288
2010,Northwest,Franklin County (FL),2357,24.2,34522
2009,Northwest,Franklin County (FL),2147,23.1,33956
2008,Northwest,Franklin County (FL),2155,23.1,34787
2007,Northwest,Franklin County (FL),1764,18.6,35182
2006,Northwest,Franklin County (FL),1798,18.5,33000
2005,Northwest,Franklin County (FL),1756,18.3,30960
2004,Northwest,Franklin County (FL),1299,13.5,30678
2003,Northwest,Franklin County (FL),1409,14.7,28896
2002,Northwest,Franklin County (FL),1436,15.2,27862
2001,Northwest,Franklin County (FL),1679,17.7,27107
2000,Northwest,Franklin County (FL),1543,16.3,27746
1999,Northwest,Franklin County (FL),1575,16.8,26045
1998,Northwest,Franklin County (FL),1809,18.4,25799
1997,Northwest,Franklin County (FL),1880,19,24088
1996,Northwest,Franklin County (FL),0,0,0
1995,Northwest,Franklin County (FL),2064,20.8,23586
1993,Northwest,Franklin County (FL),2025,21.1,19853
1989,Northwest,Franklin County (FL),2113,23.7,15260
2017,Northwest,Gadsden County (FL),9994,23.1,38084
2016,Northwest,Gadsden County (FL),8906,20.6,40865
2015,Northwest,Gadsden County (FL),10596,24.5,36637
2014,Northwest,Gadsden County (FL),11119,25.6,35849
2013,Northwest,Gadsden County (FL),11060,25.3,34348
2012,Northwest,Gadsden County (FL),11754,26.7,35854
2011,Northwest,Gadsden County (FL),11267,25.2,34154
2010,Northwest,Gadsden County (FL),10678,23.8,35704
2009,Northwest,Gadsden County (FL),11422,26,34570
2008,Northwest,Gadsden County (FL),11681,26.6,34316
2007,Northwest,Gadsden County (FL),11079,25.4,35322
2006,Northwest,Gadsden County (FL),8550,19.7,35136
2005,Northwest,Gadsden County (FL),7605,17.7,33246
2004,Northwest,Gadsden County (FL),6878,15.8,31070
2003,Northwest,Gadsden County (FL),7768,18,29814
2002,Northwest,Gadsden County (FL),7782,18.2,29598
2001,Northwest,Gadsden County (FL),8222,19.3,29630
2000,Northwest,Gadsden County (FL),8015,18.7,30650
1999,Northwest,Gadsden County (FL),8357,19.5,28707
1998,Northwest,Gadsden County (FL),9995,23.9,26355
1997,Northwest,Gadsden County (FL),10793,25.9,24881
1996,Northwest,Gadsden County (FL),0,0,0
1995,Northwest,Gadsden County (FL),12142,28.2,23482
1993,Northwest,Gadsden County (FL),12077,29.2,20710
1989,Northwest,Gadsden County (FL),11839,29.7,17056
2017,Northeast,Gilchrist County (FL),2675,16.1,42880
2016,Northeast,Gilchrist County (FL),2825,17.3,41721
2015,Northeast,Gilchrist County (FL),3102,19.2,39342
2014,Northeast,Gilchrist County (FL),3139,19.8,40788
2013,Northeast,Gilchrist County (FL),3446,21.9,39854
2012,Northeast,Gilchrist County (FL),3446,22,38016
2011,Northeast,Gilchrist County (FL),3078,19.5,38046
2010,Northeast,Gilchrist County (FL),3316,21,38517
2009,Northeast,Gilchrist County (FL),2819,18,37139
2008,Northeast,Gilchrist County (FL),2662,16.8,37120
2007,Northeast,Gilchrist County (FL),2407,15.4,39383
2006,Northeast,Gilchrist County (FL),2725,17.6,36483
2005,Northeast,Gilchrist County (FL),2063,13.7,35286
2004,Northeast,Gilchrist County (FL),1954,13,32644
2003,Northeast,Gilchrist County (FL),2084,14.2,30908
2002,Northeast,Gilchrist County (FL),2382,16.6,30148
2001,Northeast,Gilchrist County (FL),2406,17.5,29889
2000,Northeast,Gilchrist County (FL),2191,16.4,30708
1999,Northeast,Gilchrist County (FL),1962,14.9,29463
1998,Northeast,Gilchrist County (FL),2156,16.7,29197
1997,Northeast,Gilchrist County (FL),2348,18.4,27483
1996,Northeast,Gilchrist County (FL),0,0,0
1995,Northeast,Gilchrist County (FL),2153,18.1,26825
1993,Northeast,Gilchrist County (FL),1938,17.8,23208
1989,Northeast,Gilchrist County (FL),1374,15.5,19150
2017,Southwest,Glades County (FL),2312,18.9,42865
2016,Southwest,Glades County (FL),2672,21.5,39607
2015,Southwest,Glades County (FL),2683,22.1,40215
2014,Southwest,Glades County (FL),2559,21.1,38783
2013,Southwest,Glades County (FL),2848,24.1,39003
2012,Southwest,Glades County (FL),3047,26.3,37004
2011,Southwest,Glades County (FL),2465,22.2,38825
2010,Southwest,Glades County (FL),2383,21,39089
2009,Southwest,Glades County (FL),2131,21.5,34920
2008,Southwest,Glades County (FL),2208,21.8,39251
2007,Southwest,Glades County (FL),1686,16.4,37220
2006,Southwest,Glades County (FL),1641,15.8,36040
2005,Southwest,Glades County (FL),1553,15.2,34415
2004,Southwest,Glades County (FL),1269,12.1,31973
2003,Southwest,Glades County (FL),1357,13.2,31598
2002,Southwest,Glades County (FL),1602,15.5,30954
2001,Southwest,Glades County (FL),1732,17,30479
2000,Southwest,Glades County (FL),1539,15.5,30379
1999,Southwest,Glades County (FL),1440,14.6,28844
1998,Southwest,Glades County (FL),1413,17.7,27747
1997,Southwest,Glades County (FL),1430,18.1,26336
1996,Southwest,Glades County (FL),0,0,0
1995,Southwest,Glades County (FL),1543,17.2,25830
1993,Southwest,Glades County (FL),1367,17.8,22369
1989,Southwest,Glades County (FL),1239,16.3,18259
2017,Northwest,Gulf County (FL),2810,21.6,44135
2016,Northwest,Gulf County (FL),2958,23.5,38381
2015,Northwest,Gulf County (FL),2724,21.9,41320
2014,Northwest,Gulf County (FL),2836,23.1,38419
2013,Northwest,Gulf County (FL),2744,22.4,38880
2012,Northwest,Gulf County (FL),2974,24.4,34940
2011,Northwest,Gulf County (FL),2859,23.2,37373
2010,Northwest,Gulf County (FL),2604,21.1,39403
2009,Northwest,Gulf County (FL),2781,23,35656
2008,Northwest,Gulf County (FL),2590,21.2,38632
2007,Northwest,Gulf County (FL),2054,16.7,38160
2006,Northwest,Gulf County (FL),2376,19.2,36278
2005,Northwest,Gulf County (FL),2147,17.6,34823
2004,Northwest,Gulf County (FL),1777,14.5,32893
2003,Northwest,Gulf County (FL),1894,15.5,31543
2002,Northwest,Gulf County (FL),2287,18.9,29618
2001,Northwest,Gulf County (FL),2439,20.5,29246
2000,Northwest,Gulf County (FL),2219,18.6,30014
1999,Northwest,Gulf County (FL),1973,16.5,29058
1998,Northwest,Gulf County (FL),2194,18.1,29147
1997,Northwest,Gulf County (FL),2402,19.8,28605
1996,Northwest,Gulf County (FL),0,0,0
1995,Northwest,Gulf County (FL),2295,18.5,28458
1993,Northwest,Gulf County (FL),2286,19.3,24336
1989,Northwest,Gulf County (FL),1963,17.5,21414
2017,Northeast,Hamilton County (FL),2791,24,35262
2016,Northeast,Hamilton County (FL),3363,28.9,34517
2015,Northeast,Hamilton County (FL),3685,31.8,33497
2014,Northeast,Hamilton County (FL),3653,31.7,31734
2013,Northeast,Hamilton County (FL),3386,29.2,33836
2012,Northeast,Hamilton County (FL),3377,28.9,32232
2011,Northeast,Hamilton County (FL),3693,31.9,29482
2010,Northeast,Hamilton County (FL),3588,30.8,31820
2009,Northeast,Hamilton County (FL),3280,28.5,31038
2008,Northeast,Hamilton County (FL),3302,29.3,32444
2007,Northeast,Hamilton County (FL),3100,27.7,30971
2006,Northeast,Hamilton County (FL),2701,24.3,30399
2005,Northeast,Hamilton County (FL),2899,26.6,28301
2004,Northeast,Hamilton County (FL),2295,20.9,26411
2003,Northeast,Hamilton County (FL),2447,22,25201
2002,Northeast,Hamilton County (FL),2764,25.3,24031
2001,Northeast,Hamilton County (FL),2831,26.2,24691
2000,Northeast,Hamilton County (FL),2637,24.2,26032
1999,Northeast,Hamilton County (FL),2432,22.4,25117
1998,Northeast,Hamilton County (FL),2759,24.5,24610
1997,Northeast,Hamilton County (FL),2932,26.2,24174
1996,Northeast,Hamilton County (FL),0,0,0
1995,Northeast,Hamilton County (FL),2845,25.8,22719
1993,Northeast,Hamilton County (FL),2564,24.3,20859
1989,Northeast,Hamilton County (FL),2246,22.6,18439
2017,Central,Hardee County (FL),6026,23.3,40056
2016,Central,Hardee County (FL),6081,23.8,37612
2015,Central,Hardee County (FL),6636,25.9,35850
2014,Central,Hardee County (FL),7642,29.9,35371
2013,Central,Hardee County (FL),7368,28.8,34884
2012,Central,Hardee County (FL),7214,28.2,34012
2011,Central,Hardee County (FL),8269,31.8,33058
2010,Central,Hardee County (FL),7856,30.3,33732
2009,Central,Hardee County (FL),7720,28.4,33728
2008,Central,Hardee County (FL),6161,23.1,34385
2007,Central,Hardee County (FL),6403,24,36590
2006,Central,Hardee County (FL),5870,22,33034
2005,Central,Hardee County (FL),6341,24.6,31989
2004,Central,Hardee County (FL),5122,19.5,28669
2003,Central,Hardee County (FL),5398,20.7,27851
2002,Central,Hardee County (FL),5976,23.2,28004
2001,Central,Hardee County (FL),6056,23.6,28525
2000,Central,Hardee County (FL),5636,22.2,29693
1999,Central,Hardee County (FL),5499,21.6,27897
1998,Central,Hardee County (FL),5251,26.7,27007
1997,Central,Hardee County (FL),5495,27.8,25482
1996,Central,Hardee County (FL),0,0,0
1995,Central,Hardee County (FL),5991,29.1,23008
1993,Central,Hardee County (FL),5557,27,21182
1989,Central,Hardee County (FL),4722,24.1,19064
2017,Southwest,Hendry County (FL),9525,23.9,38361
2016,Southwest,Hendry County (FL),9712,25.1,39911
2015,Southwest,Hendry County (FL),9945,25.8,39320
2014,Southwest,Hendry County (FL),9581,25.3,38494
2013,Southwest,Hendry County (FL),9249,25.1,37085
2012,Southwest,Hendry County (FL),9835,26.9,36515
2011,Southwest,Hendry County (FL),11037,29.6,35247
2010,Southwest,Hendry County (FL),9963,26.7,37220
2009,Southwest,Hendry County (FL),8540,22.6,35858
2008,Southwest,Hendry County (FL),8984,23.8,38771
2007,Southwest,Hendry County (FL),7609,20,38270
2006,Southwest,Hendry County (FL),8811,22.7,35235
2005,Southwest,Hendry County (FL),8164,22.2,36211
2004,Southwest,Hendry County (FL),6374,16.7,32197
2003,Southwest,Hendry County (FL),6733,18.1,31292
2002,Southwest,Hendry County (FL),6771,18.7,31665
2001,Southwest,Hendry County (FL),7136,20.1,32137
2000,Southwest,Hendry County (FL),6832,19.5,33012
1999,Southwest,Hendry County (FL),6849,19.8,31104
1998,Southwest,Hendry County (FL),6428,22.1,29775
1997,Southwest,Hendry County (FL),6599,22.8,28325
1996,Southwest,Hendry County (FL),0,0,0
1995,Southwest,Hendry County (FL),7337,23.9,26940
1993,Southwest,Hendry County (FL),6655,22.9,25113
1989,Southwest,Hendry County (FL),4960,19.4,22470
2017,West,Hernando County (FL),25773,14,44710
2016,West,Hernando County (FL),27794,15.4,46225
2015,West,Hernando County (FL),25217,14.3,43103
2014,West,Hernando County (FL),26629,15.3,40094
2013,West,Hernando County (FL),26818,15.6,39280
2012,West,Hernando County (FL),31705,18.5,37093
2011,West,Hernando County (FL),28402,16.6,40411
2010,West,Hernando County (FL),25728,15.1,37867
2009,West,Hernando County (FL),22153,13.1,40352
2008,West,Hernando County (FL),21034,12.4,39552
2007,West,Hernando County (FL),14821,8.9,43208
2006,West,Hernando County (FL),19633,12,39840
2005,West,Hernando County (FL),18410,11.8,37672
2004,West,Hernando County (FL),16671,10.6,35577
2003,West,Hernando County (FL),17946,12.1,33874
2002,West,Hernando County (FL),17511,12.3,32247
2001,West,Hernando County (FL),16667,12.2,31882
2000,West,Hernando County (FL),14450,10.9,32963
1999,West,Hernando County (FL),14409,11.1,31102
1998,West,Hernando County (FL),16219,12.6,29118
1997,West,Hernando County (FL),17512,13.8,27740
1996,West,Hernando County (FL),0,0,0
1995,West,Hernando County (FL),17597,14.3,27532
1993,West,Hernando County (FL),16347,13.9,23201
1989,West,Hernando County (FL),10859,10.7,19843
2017,Central,Highlands County (FL),20051,19.8,37445
2016,Central,Highlands County (FL),19035,19.1,36864
2015,Central,Highlands County (FL),22419,22.9,34691
2014,Central,Highlands County (FL),18898,19.5,35787
2013,Central,Highlands County (FL),19322,20.1,34054
2012,Central,Highlands County (FL),21275,22,34722
2011,Central,Highlands County (FL),18282,18.8,33692
2010,Central,Highlands County (FL),20137,20.7,34469
2009,Central,Highlands County (FL),19374,19.9,33401
2008,Central,Highlands County (FL),16494,16.7,33703
2007,Central,Highlands County (FL),17039,17.4,34098
2006,Central,Highlands County (FL),13911,14.4,33242
2005,Central,Highlands County (FL),15519,16.6,31104
2004,Central,Highlands County (FL),12355,13.1,30343
2003,Central,Highlands County (FL),12832,14,29421
2002,Central,Highlands County (FL),13243,14.7,28718
2001,Central,Highlands County (FL),13466,15.2,28738
2000,Central,Highlands County (FL),12338,14.2,29864
1999,Central,Highlands County (FL),12289,14.2,28630
1998,Central,Highlands County (FL),12215,16.4,27177
1997,Central,Highlands County (FL),12305,16.4,26006
1996,Central,Highlands County (FL),0,0,0
1995,Central,Highlands County (FL),12794,16.8,24403
1993,Central,Highlands County (FL),12499,16.9,21592
1989,Central,Highlands County (FL),9617,14,18854
2017,West,Hillsborough County (FL),214442,15.5,54741
2016,West,Hillsborough County (FL),203350,15,54509
2015,West,Hillsborough County (FL),209040,15.8,51710
2014,West,Hillsborough County (FL),217968,16.8,50758
2013,West,Hillsborough County (FL),213320,16.8,49510
2012,West,Hillsborough County (FL),240099,19.1,46534
2011,West,Hillsborough County (FL),219950,17.6,46592
2010,West,Hillsborough County (FL),202827,16.7,46043
2009,West,Hillsborough County (FL),178302,15.2,47129
2008,West,Hillsborough County (FL),161731,13.9,49762
2007,West,Hillsborough County (FL),133550,11.6,50485
2006,West,Hillsborough County (FL),145657,12.8,46751
2005,West,Hillsborough County (FL),143735,13,45084
2004,West,Hillsborough County (FL),132075,11.8,44850
2003,West,Hillsborough County (FL),141405,13,43304
2002,West,Hillsborough County (FL),132089,12.5,42407
2001,West,Hillsborough County (FL),125199,12.1,40922
2000,West,Hillsborough County (FL),117305,11.6,40987
1999,West,Hillsborough County (FL),124286,12.6,38639
1998,West,Hillsborough County (FL),134018,14.3,37362
1997,West,Hillsborough County (FL),139088,15,35994
1996,West,Hillsborough County (FL),0,0,0
1995,West,Hillsborough County (FL),147856,16.5,32650
1993,West,Hillsborough County (FL),148539,17,30354
1989,West,Hillsborough County (FL),109958,13.2,27575
2017,Northwest,Holmes County (FL),3756,21.2,40657
2016,Northwest,Holmes County (FL),4276,24.2,41110
2015,Northwest,Holmes County (FL),4535,25.9,35202
2014,Northwest,Holmes County (FL),4743,26.7,35651
2013,Northwest,Holmes County (FL),4903,27.5,33220
2012,Northwest,Holmes County (FL),4106,22.9,36272
2011,Northwest,Holmes County (FL),4722,26.1,33211
2010,Northwest,Holmes County (FL),4072,22.5,33696
2009,Northwest,Holmes County (FL),4115,24,31861
2008,Northwest,Holmes County (FL),3678,21,33251
2007,Northwest,Holmes County (FL),3452,19.8,33321
2006,Northwest,Holmes County (FL),3656,20.9,30794
2005,Northwest,Holmes County (FL),3815,21.9,30778
2004,Northwest,Holmes County (FL),3078,17.6,28694
2003,Northwest,Holmes County (FL),3215,18.7,27773
2002,Northwest,Holmes County (FL),3513,20.5,27080
2001,Northwest,Holmes County (FL),3636,21.4,26950
2000,Northwest,Holmes County (FL),3480,20.6,27831
1999,Northwest,Holmes County (FL),3537,20.9,26781
1998,Northwest,Holmes County (FL),4210,23.9,24687
1997,Northwest,Holmes County (FL),4328,24.7,23416
1996,Northwest,Holmes County (FL),0,0,0
1995,Northwest,Holmes County (FL),4389,25.9,22470
1993,Northwest,Holmes County (FL),3977,24.6,20017
1989,Northwest,Holmes County (FL),3863,25.6,16538
2017,Southeast,Indian River County (FL),16249,10.6,51797
2016,Southeast,Indian River County (FL),18518,12.3,49813
2015,Southeast,Indian River County (FL),19051,13,49887
2014,Southeast,Indian River County (FL),21098,14.7,47548
2013,Southeast,Indian River County (FL),19777,14.1,44326
2012,Southeast,Indian River County (FL),22347,16.1,42638
2011,Southeast,Indian River County (FL),19006,13.9,42053
2010,Southeast,Indian River County (FL),19657,14.4,47525
2009,Southeast,Indian River County (FL),18406,13.8,43685
2008,Southeast,Indian River County (FL),16101,12.4,48267
2007,Southeast,Indian River County (FL),12603,9.7,47563
2006,Southeast,Indian River County (FL),13428,10.5,45034
2005,Southeast,Indian River County (FL),14712,11.7,44450
2004,Southeast,Indian River County (FL),11660,9.2,41522
2003,Southeast,Indian River County (FL),12276,10,40356
2002,Southeast,Indian River County (FL),11851,10,39615
2001,Southeast,Indian River County (FL),11906,10.3,39359
2000,Southeast,Indian River County (FL),10723,9.4,40063
1999,Southeast,Indian River County (FL),11116,10,37947
1998,Southeast,Indian River County (FL),11263,11.3,37398
1997,Southeast,Indian River County (FL),11106,11.2,35895
1996,Southeast,Indian River County (FL),0,0,0
1995,Southeast,Indian River County (FL),10701,11,33667
1993,Southeast,Indian River County (FL),10960,11.5,29580
1989,Southeast,Indian River County (FL),7600,8.4,26974
2017,Northwest,Jackson County (FL),7264,18,41524
2016,Northwest,Jackson County (FL),9045,22.6,37358
2015,Northwest,Jackson County (FL),9032,22.5,36751
2014,Northwest,Jackson County (FL),9787,24.3,36876
2013,Northwest,Jackson County (FL),10650,26.3,36332
2012,Northwest,Jackson County (FL),8680,21.4,34978
2011,Northwest,Jackson County (FL),8442,20.5,35193
2010,Northwest,Jackson County (FL),7910,19,37351
2009,Northwest,Jackson County (FL),9412,22,35968
2008,Northwest,Jackson County (FL),8114,19,37707
2007,Northwest,Jackson County (FL),11646,27.3,35897
2006,Northwest,Jackson County (FL),8114,19.1,32879
2005,Northwest,Jackson County (FL),7045,16.9,32723
2004,Northwest,Jackson County (FL),6647,15.7,31022
2003,Northwest,Jackson County (FL),6729,16.2,29951
2002,Northwest,Jackson County (FL),6956,17,28947
2001,Northwest,Jackson County (FL),7291,17.9,28694
2000,Northwest,Jackson County (FL),6989,17.1,29700
1999,Northwest,Jackson County (FL),6862,16.7,28369
1998,Northwest,Jackson County (FL),7650,18.9,26963
1997,Northwest,Jackson County (FL),8439,20.8,25953
1996,Northwest,Jackson County (FL),0,0,0
1995,Northwest,Jackson County (FL),8521,21,24661
1993,Northwest,Jackson County (FL),8324,20.9,22602
1989,Northwest,Jackson County (FL),7809,20.3,19014
2017,Northwest,Jefferson County (FL),2276,17.7,48163
2016,Northwest,Jefferson County (FL),2398,18.9,43453
2015,Northwest,Jefferson County (FL),2479,19.4,42210
2014,Northwest,Jefferson County (FL),2285,18,40205
2013,Northwest,Jefferson County (FL),2521,19.6,39494
2012,Northwest,Jefferson County (FL),2775,21.3,38244
2011,Northwest,Jefferson County (FL),2481,18.7,40252
2010,Northwest,Jefferson County (FL),2481,18.5,39113
2009,Northwest,Jefferson County (FL),2411,19.1,38193
2008,Northwest,Jefferson County (FL),2338,18.5,36482
2007,Northwest,Jefferson County (FL),2228,17.8,40217
2006,Northwest,Jefferson County (FL),2310,18.1,39018
2005,Northwest,Jefferson County (FL),2329,18.7,35349
2004,Northwest,Jefferson County (FL),1821,14.5,33962
2003,Northwest,Jefferson County (FL),2051,16.3,32742
2002,Northwest,Jefferson County (FL),2090,16.8,32156
2001,Northwest,Jefferson County (FL),2159,17.7,32250
2000,Northwest,Jefferson County (FL),2095,17.7,32924
1999,Northwest,Jefferson County (FL),2113,17.7,31194
1998,Northwest,Jefferson County (FL),2479,20.3,29604
1997,Northwest,Jefferson County (FL),2710,22,27788
1996,Northwest,Jefferson County (FL),0,0,0
1995,Northwest,Jefferson County (FL),2777,22.3,26515
1993,Northwest,Jefferson County (FL),2726,22.9,22948
1989,Northwest,Jefferson County (FL),2560,22.7,17433
2017,Northeast,Lafayette County (FL),1579,22.7,41549
2016,Northeast,Lafayette County (FL),1609,23.3,40653
2015,Northeast,Lafayette County (FL),1645,23.8,40345
2014,Northeast,Lafayette County (FL),1791,25.6,38071
2013,Northeast,Lafayette County (FL),1774,25.2,37120
2012,Northeast,Lafayette County (FL),1838,26.4,34054
2011,Northeast,Lafayette County (FL),1622,23.8,40407
2010,Northeast,Lafayette County (FL),1761,26,36001
2009,Northeast,Lafayette County (FL),1526,24.6,35689
2008,Northeast,Lafayette County (FL),1575,25.6,39293
2007,Northeast,Lafayette County (FL),1350,22,36855
2006,Northeast,Lafayette County (FL),1391,22.3,33234
2005,Northeast,Lafayette County (FL),1433,23.6,31038
2004,Northeast,Lafayette County (FL),1139,18.6,27896
2003,Northeast,Lafayette County (FL),1134,19,27177
2002,Northeast,Lafayette County (FL),1390,23.3,27533
2001,Northeast,Lafayette County (FL),1406,23.5,28723
2000,Northeast,Lafayette County (FL),1217,20.6,30008
1999,Northeast,Lafayette County (FL),978,17,29338
1998,Northeast,Lafayette County (FL),1084,20.3,29621
1997,Northeast,Lafayette County (FL),1251,24.1,27354
1996,Northeast,Lafayette County (FL),0,0,0
1995,Northeast,Lafayette County (FL),1301,24.7,24505
1993,Northeast,Lafayette County (FL),1187,22.8,23159
1989,Northeast,Lafayette County (FL),1017,20.9,18709
2017,Central,Lake County (FL),43020,12.6,51429
2016,Central,Lake County (FL),39212,11.8,50125
2015,Central,Lake County (FL),41272,12.8,49711
2014,Central,Lake County (FL),42954,13.8,46895
2013,Central,Lake County (FL),43917,14.5,44244
2012,Central,Lake County (FL),46642,15.6,41579
2011,Central,Lake County (FL),41287,13.9,44965
2010,Central,Lake County (FL),39711,13.5,42343
2009,Central,Lake County (FL),38764,12.6,42479
2008,Central,Lake County (FL),31061,10.3,45517
2007,Central,Lake County (FL),26695,9,46557
2006,Central,Lake County (FL),29285,10.2,42194
2005,Central,Lake County (FL),30960,11.4,40059
2004,Central,Lake County (FL),25864,9.5,40745
2003,Central,Lake County (FL),26308,10.2,39040
2002,Central,Lake County (FL),26108,10.8,37398
2001,Central,Lake County (FL),25375,11,36585
2000,Central,Lake County (FL),22852,10.4,37354
1999,Central,Lake County (FL),22456,10.8,35170
1998,Central,Lake County (FL),24668,11.8,32898
1997,Central,Lake County (FL),25887,12.8,30768
1996,Central,Lake County (FL),0,0,0
1995,Central,Lake County (FL),25539,13.5,28327
1993,Central,Lake County (FL),24565,14.1,24883
1989,Central,Lake County (FL),18911,12.4,20682
2017,Southwest,Lee County (FL),85844,11.8,54198
2016,Southwest,Lee County (FL),91333,12.8,52989
2015,Southwest,Lee County (FL),110398,15.9,50713
2014,Southwest,Lee County (FL),107493,16,49147
2013,Southwest,Lee County (FL),106446,16.3,46605
2012,Southwest,Lee County (FL),97598,15.3,46396
2011,Southwest,Lee County (FL),95422,15.3,45515
2010,Southwest,Lee County (FL),104752,17.1,44377
2009,Southwest,Lee County (FL),74380,12.8,45624
2008,Southwest,Lee County (FL),62235,10.6,50863
2007,Southwest,Lee County (FL),58907,10.1,50750
2006,Southwest,Lee County (FL),51704,9.2,48674
2005,Southwest,Lee County (FL),51185,9.5,46000
2004,Southwest,Lee County (FL),48256,8.9,43476
2003,Southwest,Lee County (FL),51711,10.2,41270
2002,Southwest,Lee County (FL),49410,10.1,40037
2001,Southwest,Lee County (FL),48310,10.3,39216
2000,Southwest,Lee County (FL),42593,9.4,39262
1999,Southwest,Lee County (FL),42279,9.7,37403
1998,Southwest,Lee County (FL),43550,10.9,35520
1997,Southwest,Lee County (FL),45160,11.5,34117
1996,Southwest,Lee County (FL),0,0,0
1995,Southwest,Lee County (FL),44205,11.6,31904
1993,Southwest,Lee County (FL),45396,12.3,29339
1989,Southwest,Lee County (FL),30140,9,26005
2017,Northwest,Leon County (FL),50010,18,51716
2016,Northwest,Leon County (FL),52124,19,51041
2015,Northwest,Leon County (FL),59366,21.8,46405
2014,Northwest,Leon County (FL),62734,23.3,45463
2013,Northwest,Leon County (FL),58109,21.7,46975
2012,Northwest,Leon County (FL),57223,21.2,46014
2011,Northwest,Leon County (FL),59835,22.7,44857
2010,Northwest,Leon County (FL),68765,26.3,42393
2009,Northwest,Leon County (FL),56589,22.3,40725
2008,Northwest,Leon County (FL),46763,18.6,47318
2007,Northwest,Leon County (FL),42427,17,48739
2006,Northwest,Leon County (FL),43931,18.7,41958
2005,Northwest,Leon County (FL),40089,17.2,42667
2004,Northwest,Leon County (FL),29772,12.7,39562
2003,Northwest,Leon County (FL),32748,14.1,38084
2002,Northwest,Leon County (FL),29639,12.8,37760
2001,Northwest,Leon County (FL),28948,12.6,38153
2000,Northwest,Leon County (FL),27553,12.1,38791
1999,Northwest,Leon County (FL),28608,12.6,37517
1998,Northwest,Leon County (FL),27013,12.8,39569
1997,Northwest,Leon County (FL),28848,13.8,37832
1996,Northwest,Leon County (FL),0,0,0
1995,Northwest,Leon County (FL),29722,14.3,35111
1993,Northwest,Leon County (FL),30268,14.9,32000
1989,Northwest,Leon County (FL),23523,12.7,27391
2017,Northeast,Levy County (FL),8329,20.8,37272
2016,Northeast,Levy County (FL),8467,21.4,33092
2015,Northeast,Levy County (FL),8725,22.1,36005
2014,Northeast,Levy County (FL),8323,21.2,37433
2013,Northeast,Levy County (FL),9271,23.6,33193
2012,Northeast,Levy County (FL),9002,22.7,32815
2011,Northeast,Levy County (FL),8662,22,33544
2010,Northeast,Levy County (FL),10822,27,32197
2009,Northeast,Levy County (FL),8403,21.8,32528
2008,Northeast,Levy County (FL),6894,17.8,35267
2007,Northeast,Levy County (FL),7098,18.5,34499
2006,Northeast,Levy County (FL),6820,17.8,31966
2005,Northeast,Levy County (FL),7215,19.4,29917
2004,Northeast,Levy County (FL),5589,15,29314
2003,Northeast,Levy County (FL),5996,16.4,27904
2002,Northeast,Levy County (FL),6121,17.1,27257
2001,Northeast,Levy County (FL),6281,17.9,26990
2000,Northeast,Levy County (FL),6010,17.5,27724
1999,Northeast,Levy County (FL),5885,17.3,26443
1998,Northeast,Levy County (FL),6156,19.1,25998
1997,Northeast,Levy County (FL),6249,19.8,24838
1996,Northeast,Levy County (FL),0,0,0
1995,Northeast,Levy County (FL),6455,20.7,23779
1993,Northeast,Levy County (FL),5514,19.2,20624
1989,Northeast,Levy County (FL),4999,19.4,17162
2017,Northwest,Liberty County (FL),1449,23,41308
2016,Northwest,Liberty County (FL),1468,23.6,38900
2015,Northwest,Liberty County (FL),1422,22.6,39623
2014,Northwest,Liberty County (FL),1544,24.7,38473
2013,Northwest,Liberty County (FL),1758,27.7,36561
2012,Northwest,Liberty County (FL),1638,26,37726
2011,Northwest,Liberty County (FL),1517,23.5,37446
2010,Northwest,Liberty County (FL),1491,22.9,37815
2009,Northwest,Liberty County (FL),1472,23.1,36809
2008,Northwest,Liberty County (FL),1361,21.5,38608
2007,Northwest,Liberty County (FL),1152,18.4,36758
2006,Northwest,Liberty County (FL),1194,19.4,33987
2005,Northwest,Liberty County (FL),1302,21.6,31896
2004,Northwest,Liberty County (FL),1037,16.9,30451
2003,Northwest,Liberty County (FL),1027,17.4,29824
2002,Northwest,Liberty County (FL),1190,20.3,29132
2001,Northwest,Liberty County (FL),1196,20.7,28855
2000,Northwest,Liberty County (FL),1174,20.7,29274
1999,Northwest,Liberty County (FL),1006,17.8,28526
1998,Northwest,Liberty County (FL),1067,19.9,29562
1997,Northwest,Liberty County (FL),1194,22.3,27178
1996,Northwest,Liberty County (FL),0,0,0
1995,Northwest,Liberty County (FL),983,19,26780
1993,Northwest,Liberty County (FL),1012,19.8,23946
1989,Northwest,Liberty County (FL),802,17.4,18637
2017,Northeast,Madison County (FL),4633,28.3,37256
2016,Northeast,Madison County (FL),5205,31.9,33721
2015,Northeast,Madison County (FL),4437,27,34360
2014,Northeast,Madison County (FL),4567,27.7,33017
2013,Northeast,Madison County (FL),4827,28.9,30391
2012,Northeast,Madison County (FL),4323,25.6,31469
2011,Northeast,Madison County (FL),4445,25.9,31578
2010,Northeast,Madison County (FL),4034,23.4,31942
2009,Northeast,Madison County (FL),4423,26.2,31174
2008,Northeast,Madison County (FL),4008,23.6,32502
2007,Northeast,Madison County (FL),3573,21,39394
2006,Northeast,Madison County (FL),3605,20.9,32113
2005,Northeast,Madison County (FL),4087,23.8,30029
2004,Northeast,Madison County (FL),3051,17.7,28230
2003,Northeast,Madison County (FL),3172,18.5,26592
2002,Northeast,Madison County (FL),3360,19.8,25732
2001,Northeast,Madison County (FL),3466,20.5,26010
2000,Northeast,Madison County (FL),3335,19.7,26987
1999,Northeast,Madison County (FL),3215,18.9,25795
1998,Northeast,Madison County (FL),3357,20.5,25875
1997,Northeast,Madison County (FL),3765,23.2,24980
1996,Northeast,Madison County (FL),0,0,0
1995,Northeast,Madison County (FL),3726,23.2,23323
1993,Northeast,Madison County (FL),3809,23.8,20608
1989,Northeast,Madison County (FL),4008,26.1,17213
2017,West,Manatee County (FL),41057,10.8,55189
2016,West,Manatee County (FL),47042,12.7,51770
2015,West,Manatee County (FL),53080,14.8,50728
2014,West,Manatee County (FL),49017,14.1,51673
2013,West,Manatee County (FL),54016,16,48066
2012,West,Manatee County (FL),51089,15.5,46999
2011,West,Manatee County (FL),51221,15.9,43494
2010,West,Manatee County (FL),46119,14.5,44990
2009,West,Manatee County (FL),45156,14.4,45565
2008,West,Manatee County (FL),37815,12.2,46573
2007,West,Manatee County (FL),32732,10.6,48940
2006,West,Manatee County (FL),35021,11.4,45401
2005,West,Manatee County (FL),30914,10.3,44165
2004,West,Manatee County (FL),29352,9.7,41419
2003,West,Manatee County (FL),31408,10.8,39756
2002,West,Manatee County (FL),30302,10.7,38647
2001,West,Manatee County (FL),28662,10.4,37694
2000,West,Manatee County (FL),25232,9.4,38732
1999,West,Manatee County (FL),25683,9.9,37119
1998,West,Manatee County (FL),27117,11.2,36958
1997,West,Manatee County (FL),28117,11.7,35063
1996,West,Manatee County (FL),0,0,0
1995,West,Manatee County (FL),28393,12.1,31416
1993,West,Manatee County (FL),29372,12.9,27633
1989,West,Manatee County (FL),20512,9.7,23842
2017,Central,Marion County (FL),55880,16.2,43772
2016,Central,Marion County (FL),58992,17.4,39629
2015,Central,Marion County (FL),62271,18.7,40053
2014,Central,Marion County (FL),58576,17.8,39860
2013,Central,Marion County (FL),64258,19.6,38783
2012,Central,Marion County (FL),60707,18.6,37287
2011,Central,Marion County (FL),57104,17.6,36425
2010,Central,Marion County (FL),63368,19.6,37162
2009,Central,Marion County (FL),50861,15.9,38988
2008,Central,Marion County (FL),51494,16,40266
2007,Central,Marion County (FL),41002,13,39354
2006,Central,Marion County (FL),37583,12.2,39550
2005,Central,Marion County (FL),39954,13.6,35974
2004,Central,Marion County (FL),36194,12.2,34948
2003,Central,Marion County (FL),39792,14,33247
2002,Central,Marion County (FL),40481,14.8,31851
2001,Central,Marion County (FL),39600,14.9,31490
2000,Central,Marion County (FL),35148,13.6,32532
1999,Central,Marion County (FL),35004,13.8,30537
1998,Central,Marion County (FL),37013,15.2,29498
1997,Central,Marion County (FL),39399,16.4,28244
1996,Central,Marion County (FL),0,0,0
1995,Central,Marion County (FL),39957,17.3,26950
1993,Central,Marion County (FL),40375,18.4,23266
1989,Central,Marion County (FL),29088,15,20060
2017,Southeast,Martin County (FL),17002,10.9,58344
2016,Southeast,Martin County (FL),17584,11.3,55917
2015,Southeast,Martin County (FL),17125,11.2,53459
2014,Southeast,Martin County (FL),18091,12.1,55472
2013,Southeast,Martin County (FL),19866,13.5,51159
2012,Southeast,Martin County (FL),21222,14.6,47120
2011,Southeast,Martin County (FL),18261,12.7,50417
2010,Southeast,Martin County (FL),16130,11.3,49539
2009,Southeast,Martin County (FL),18314,13.5,50351
2008,Southeast,Martin County (FL),14090,10.4,52743
2007,Southeast,Martin County (FL),11543,8.5,55229
2006,Southeast,Martin County (FL),11802,8.7,51113
2005,Southeast,Martin County (FL),13337,9.8,46133
2004,Southeast,Martin County (FL),11100,8.1,45341
2003,Southeast,Martin County (FL),12460,9.2,43136
2002,Southeast,Martin County (FL),11870,9,43692
2001,Southeast,Martin County (FL),11770,9.1,43332
2000,Southeast,Martin County (FL),10951,8.7,43625
1999,Southeast,Martin County (FL),11725,9.4,41660
1998,Southeast,Martin County (FL),11696,10.1,41990
1997,Southeast,Martin County (FL),11547,10.1,40161
1996,Southeast,Martin County (FL),0,0,0
1995,Southeast,Martin County (FL),11228,10,36470
1993,Southeast,Martin County (FL),11637,10.8,32372
1989,Southeast,Martin County (FL),7043,7.1,30281
2017,Southeast,Miami-Dade County (FL),452649,16.7,49758
2016,Southeast,Miami-Dade County (FL),487700,18.2,45886
2015,Southeast,Miami-Dade County (FL),529850,20,43687
2014,Southeast,Miami-Dade County (FL),535148,20.4,42754
2013,Southeast,Miami-Dade County (FL),541443,21,41840
2012,Southeast,Miami-Dade County (FL),531969,20.8,41311
2011,Southeast,Miami-Dade County (FL),527000,20.9,40476
2010,Southeast,Miami-Dade County (FL),500537,20.3,40145
2009,Southeast,Miami-Dade County (FL),433363,17.7,41367
2008,Southeast,Miami-Dade County (FL),388934,16.5,43921
2007,Southeast,Miami-Dade County (FL),357194,15.3,43495
2006,Southeast,Miami-Dade County (FL),385962,16.4,41178
2005,Southeast,Miami-Dade County (FL),414814,17.9,37142
2004,Southeast,Miami-Dade County (FL),400339,17.1,34682
2003,Southeast,Miami-Dade County (FL),439775,18.9,33054
2002,Southeast,Miami-Dade County (FL),441160,19.2,31531
2001,Southeast,Miami-Dade County (FL),413278,18.2,32194
2000,Southeast,Miami-Dade County (FL),391594,17.4,33228
1999,Southeast,Miami-Dade County (FL),409371,18.4,32287
1998,Southeast,Miami-Dade County (FL),433799,19.8,30669
1997,Southeast,Miami-Dade County (FL),453238,21.1,30000
1996,Southeast,Miami-Dade County (FL),0,0,0
1995,Southeast,Miami-Dade County (FL),480990,23.6,28915
1993,Southeast,Miami-Dade County (FL),512176,25.4,26677
1989,Southeast,Miami-Dade County (FL),413489,21.4,23349
2017,Southwest,Monroe County (FL),8963,11.8,63009
2016,Southwest,Monroe County (FL),8801,11.5,63892
2015,Southwest,Monroe County (FL),8638,11.3,58332
2014,Southwest,Monroe County (FL),10626,14,57411
2013,Southwest,Monroe County (FL),12666,16.8,50380
2012,Southwest,Monroe County (FL),10312,14,52152
2011,Southwest,Monroe County (FL),10085,13.8,51152
2010,Southwest,Monroe County (FL),9116,12.6,50388
2009,Southwest,Monroe County (FL),9112,12.6,49740
2008,Southwest,Monroe County (FL),7414,10.4,52908
2007,Southwest,Monroe County (FL),7584,10.5,55054
2006,Southwest,Monroe County (FL),8495,11.5,50598
2005,Southwest,Monroe County (FL),7908,10.6,47268
2004,Southwest,Monroe County (FL),6903,9.2,42195
2003,Southwest,Monroe County (FL),7948,10.3,41306
2002,Southwest,Monroe County (FL),7484,9.6,41675
2001,Southwest,Monroe County (FL),8099,10.4,42183
2000,Southwest,Monroe County (FL),7461,9.6,42447
1999,Southwest,Monroe County (FL),7777,9.9,39814
1998,Southwest,Monroe County (FL),8327,10.4,38546
1997,Southwest,Monroe County (FL),9314,11.5,36353
1996,Southwest,Monroe County (FL),0,0,0
1995,Southwest,Monroe County (FL),9871,12,33375
1993,Southwest,Monroe County (FL),9437,11.5,30752
1989,Southwest,Monroe County (FL),8013,10.4,25610
2017,Northeast,Nassau County (FL),7484,9.1,70590
2016,Northeast,Nassau County (FL),8242,10.3,67967
2015,Northeast,Nassau County (FL),8407,10.8,55707
2014,Northeast,Nassau County (FL),8859,11.7,56728
2013,Northeast,Nassau County (FL),10071,13.4,56987
2012,Northeast,Nassau County (FL),9633,13,55367
2011,Northeast,Nassau County (FL),8350,11.4,54706
2010,Northeast,Nassau County (FL),8255,11.3,57605
2009,Northeast,Nassau County (FL),8018,11.5,55180
2008,Northeast,Nassau County (FL),6143,8.9,59514
2007,Northeast,Nassau County (FL),6029,8.9,56500
2006,Northeast,Nassau County (FL),6186,9.4,55496
2005,Northeast,Nassau County (FL),5858,9.2,51007
2004,Northeast,Nassau County (FL),5328,8.3,50301
2003,Northeast,Nassau County (FL),5582,8.9,48579
2002,Northeast,Nassau County (FL),5065,8.3,47279
2001,Northeast,Nassau County (FL),5262,8.8,46607
2000,Northeast,Nassau County (FL),4911,8.4,46814
1999,Northeast,Nassau County (FL),5327,9.3,44021
1998,Northeast,Nassau County (FL),5518,9.7,42519
1997,Northeast,Nassau County (FL),5408,9.7,40128
1996,Northeast,Nassau County (FL),0,0,0
1995,Northeast,Nassau County (FL),5726,10.9,37813
1993,Northeast,Nassau County (FL),5938,11.9,33582
1989,Northeast,Nassau County (FL),4048,9.2,30161
2017,Northwest,Okaloosa County (FL),21667,10.9,60798
2016,Northwest,Okaloosa County (FL),21032,10.7,58009
2015,Northwest,Okaloosa County (FL),21966,11.3,55391
2014,Northwest,Okaloosa County (FL),23680,12.4,55952
2013,Northwest,Okaloosa County (FL),25155,13.4,54265
2012,Northwest,Okaloosa County (FL),24347,13.2,52381
2011,Northwest,Okaloosa County (FL),24477,13.7,49643
2010,Northwest,Okaloosa County (FL),21792,12.4,51173
2009,Northwest,Okaloosa County (FL),21741,12.5,49215
2008,Northwest,Okaloosa County (FL),15320,8.7,54420
2007,Northwest,Okaloosa County (FL),16645,9.4,54633
2006,Northwest,Okaloosa County (FL),16884,9.6,52615
2005,Northwest,Okaloosa County (FL),17248,9.8,49384
2004,Northwest,Okaloosa County (FL),15958,9,45424
2003,Northwest,Okaloosa County (FL),17394,9.9,43173
2002,Northwest,Okaloosa County (FL),16216,9.4,41987
2001,Northwest,Okaloosa County (FL),16623,9.8,41193
2000,Northwest,Okaloosa County (FL),15684,9.4,41706
1999,Northwest,Okaloosa County (FL),16535,10,39501
1998,Northwest,Okaloosa County (FL),17868,10.7,38117
1997,Northwest,Okaloosa County (FL),17425,10.5,36788
1996,Northwest,Okaloosa County (FL),0,0,0
1995,Northwest,Okaloosa County (FL),17465,10.7,33467
1993,Northwest,Okaloosa County (FL),17779,11.2,31589
1989,Northwest,Okaloosa County (FL),12262,8.7,27022
2017,Southeast,Okeechobee County (FL),8415,21.8,42524
2016,Southeast,Okeechobee County (FL),7547,20.2,37689
2015,Southeast,Okeechobee County (FL),8534,23.2,35787
2014,Southeast,Okeechobee County (FL),9472,25.9,37065
2013,Southeast,Okeechobee County (FL),9422,25.7,35954
2012,Southeast,Okeechobee County (FL),9501,25.7,34742
2011,Southeast,Okeechobee County (FL),9813,26.1,33806
2010,Southeast,Okeechobee County (FL),8354,22.3,35417
2009,Southeast,Okeechobee County (FL),8388,22.3,35349
2008,Southeast,Okeechobee County (FL),7861,20.8,35724
2007,Southeast,Okeechobee County (FL),6173,16.4,36989
2006,Southeast,Okeechobee County (FL),6046,16,36866
2005,Southeast,Okeechobee County (FL),6725,18.1,33029
2004,Southeast,Okeechobee County (FL),5112,13.7,31332
2003,Southeast,Okeechobee County (FL),5498,15.1,29789
2002,Southeast,Okeechobee County (FL),5903,16.7,28866
2001,Southeast,Okeechobee County (FL),6189,17.8,28861
2000,Southeast,Okeechobee County (FL),5722,16.7,29896
1999,Southeast,Okeechobee County (FL),5260,15.5,28319
1998,Southeast,Okeechobee County (FL),6063,19.7,26549
1997,Southeast,Okeechobee County (FL),6079,20,26129
1996,Southeast,Okeechobee County (FL),0,0,0
1995,Southeast,Okeechobee County (FL),6861,21.5,24231
1993,Southeast,Okeechobee County (FL),6711,21.8,21734
1989,Southeast,Okeechobee County (FL),5035,17.2,19400
2017,Central,Orange County (FL),201528,15.3,54021
2016,Central,Orange County (FL),209800,16.3,51312
2015,Central,Orange County (FL),196882,15.6,50593
2014,Central,Orange County (FL),222654,18.2,47069
2013,Central,Orange County (FL),217956,18.2,46675
2012,Central,Orange County (FL),212737,18.1,45565
2011,Central,Orange County (FL),210885,18.5,44635
2010,Central,Orange County (FL),183812,16.4,45105
2009,Central,Orange County (FL),151852,14.3,46826
2008,Central,Orange County (FL),143902,13.7,50674
2007,Central,Orange County (FL),121248,11.6,50988
2006,Central,Orange County (FL),121505,11.9,48776
2005,Central,Orange County (FL),126825,12.7,44183
2004,Central,Orange County (FL),126348,12.6,41725
2003,Central,Orange County (FL),128263,13.2,40671
2002,Central,Orange County (FL),118307,12.5,40697
2001,Central,Orange County (FL),110495,11.9,41202
2000,Central,Orange County (FL),99353,10.9,42656
1999,Central,Orange County (FL),103102,11.7,39401
1998,Central,Orange County (FL),104089,12.9,38327
1997,Central,Orange County (FL),105950,13.4,36979
1996,Central,Orange County (FL),0,0,0
1995,Central,Orange County (FL),99568,13.2,34558
1993,Central,Orange County (FL),107632,14.7,31812
1989,Central,Orange County (FL),71838,10.8,27647
2017,Central,Osceola County (FL),48892,14,49284
2016,Central,Osceola County (FL),49326,14.8,50716
2015,Central,Osceola County (FL),59226,18.5,45127
2014,Central,Osceola County (FL),59222,19.3,42945
2013,Central,Osceola County (FL),61012,20.7,41592
2012,Central,Osceola County (FL),55447,19.5,42743
2011,Central,Osceola County (FL),43507,16,40933
2010,Central,Osceola County (FL),43365,16.3,42165
2009,Central,Osceola County (FL),42239,15.8,42626
2008,Central,Osceola County (FL),30965,11.9,45766
2007,Central,Osceola County (FL),28382,11.2,46599
2006,Central,Osceola County (FL),29151,12.1,44277
2005,Central,Osceola County (FL),31732,13.9,40978
2004,Central,Osceola County (FL),27929,12.2,39770
2003,Central,Osceola County (FL),28399,13.1,38966
2002,Central,Osceola County (FL),27291,13.4,37469
2001,Central,Osceola County (FL),25096,13.1,37342
2000,Central,Osceola County (FL),21174,11.8,38309
1999,Central,Osceola County (FL),20827,12.2,35185
1998,Central,Osceola County (FL),19508,13,33519
1997,Central,Osceola County (FL),19570,13.4,32552
1996,Central,Osceola County (FL),0,0,0
1995,Central,Osceola County (FL),18236,13.3,30946
1993,Central,Osceola County (FL),17792,14,27928
1989,Central,Osceola County (FL),9005,8.4,23798
2017,Southeast,Palm Beach County (FL),170868,11.8,60059
2016,Southeast,Palm Beach County (FL),178918,12.6,57607
2015,Southeast,Palm Beach County (FL),189355,13.5,56638
2014,Southeast,Palm Beach County (FL),204862,14.9,52225
2013,Southeast,Palm Beach County (FL),202396,15,51768
2012,Southeast,Palm Beach County (FL),193825,14.5,51217
2011,Southeast,Palm Beach County (FL),207441,15.8,48973
2010,Southeast,Palm Beach County (FL),186355,14.3,49891
2009,Southeast,Palm Beach County (FL),180884,14.4,49660
2008,Southeast,Palm Beach County (FL),145947,11.7,52807
2007,Southeast,Palm Beach County (FL),127311,10.2,53500
2006,Southeast,Palm Beach County (FL),133364,10.6,51658
2005,Southeast,Palm Beach County (FL),136998,11,48086
2004,Southeast,Palm Beach County (FL),125884,10.1,44186
2003,Southeast,Palm Beach County (FL),133704,10.9,43014
2002,Southeast,Palm Beach County (FL),129110,10.7,41766
2001,Southeast,Palm Beach County (FL),122173,10.4,41892
2000,Southeast,Palm Beach County (FL),108668,9.5,42008
1999,Southeast,Palm Beach County (FL),111575,10,40967
1998,Southeast,Palm Beach County (FL),114518,11,39199
1997,Southeast,Palm Beach County (FL),118247,11.5,37045
1996,Southeast,Palm Beach County (FL),0,0,0
1995,Southeast,Palm Beach County (FL),118676,11.9,35833
1993,Southeast,Palm Beach County (FL),118376,12.3,33077
1989,Southeast,Palm Beach County (FL),73963,8.6,30426
2017,West,Pasco County (FL),67635,13,51247
2016,West,Pasco County (FL),66980,13.3,46326
2015,West,Pasco County (FL),71760,14.6,46080
2014,West,Pasco County (FL),70125,14.7,45219
2013,West,Pasco County (FL),63271,13.5,45454
2012,West,Pasco County (FL),61989,13.4,42695
2011,West,Pasco County (FL),72121,15.7,40859
2010,West,Pasco County (FL),69670,15.2,42184
2009,West,Pasco County (FL),61380,13.2,40289
2008,West,Pasco County (FL),61285,13.2,42407
2007,West,Pasco County (FL),54338,11.9,44233
2006,West,Pasco County (FL),45230,10.2,41700
2005,West,Pasco County (FL),47601,11.3,39327
2004,West,Pasco County (FL),45797,10.8,38065
2003,West,Pasco County (FL),47898,11.9,35386
2002,West,Pasco County (FL),46706,12.1,33433
2001,West,Pasco County (FL),43023,11.7,32916
2000,West,Pasco County (FL),38024,10.8,34233
1999,West,Pasco County (FL),38569,11.3,32048
1998,West,Pasco County (FL),42379,12.8,30035
1997,West,Pasco County (FL),43756,13.5,28202
1996,West,Pasco County (FL),0,0,0
1995,West,Pasco County (FL),44456,14.2,26232
1993,West,Pasco County (FL),43586,14.6,22113
1989,West,Pasco County (FL),32879,11.7,18451
2017,West,Pinellas County (FL),115990,12.2,51488
2016,West,Pinellas County (FL),125923,13.3,49974
2015,West,Pinellas County (FL),127287,13.6,47591
2014,West,Pinellas County (FL),139881,15.2,45162
2013,West,Pinellas County (FL),137942,15.1,43773
2012,West,Pinellas County (FL),127234,14.1,44819
2011,West,Pinellas County (FL),134728,15,42761
2010,West,Pinellas County (FL),127567,14.2,42628
2009,West,Pinellas County (FL),118620,13.3,43200
2008,West,Pinellas County (FL),96869,10.9,45899
2007,West,Pinellas County (FL),101215,11.3,44325
2006,West,Pinellas County (FL),110990,12.3,41960
2005,West,Pinellas County (FL),101259,11.2,40669
2004,West,Pinellas County (FL),101080,11.1,38547
2003,West,Pinellas County (FL),109779,12,36266
2002,West,Pinellas County (FL),103439,11.4,35690
2001,West,Pinellas County (FL),97105,10.7,36435
2000,West,Pinellas County (FL),88723,9.8,37179
1999,West,Pinellas County (FL),93040,10.2,35436
1998,West,Pinellas County (FL),100599,11.6,34741
1997,West,Pinellas County (FL),105737,12.2,32816
1996,West,Pinellas County (FL),0,0,0
1995,West,Pinellas County (FL),111178,12.9,30088
1993,West,Pinellas County (FL),110289,12.8,29284
1989,West,Pinellas County (FL),87463,10.3,24577
2017,Central,Polk County (FL),107844,16.1,48328
2016,Central,Polk County (FL),106703,16.4,46289
2015,Central,Polk County (FL),109907,17.3,44024
2014,Central,Polk County (FL),112539,18.1,42768
2013,Central,Polk County (FL),117893,19.3,42447
2012,Central,Polk County (FL),108784,18.1,41337
2011,Central,Polk County (FL),114618,19.2,40258
2010,Central,Polk County (FL),103277,17.5,41184
2009,Central,Polk County (FL),95938,16.8,41913
2008,Central,Polk County (FL),86702,15.3,44350
2007,Central,Polk County (FL),71881,12.8,44216
2006,Central,Polk County (FL),73442,13.4,41176
2005,Central,Polk County (FL),73142,13.9,39114
2004,Central,Polk County (FL),69999,13.2,36339
2003,Central,Polk County (FL),71587,14,35125
2002,Central,Polk County (FL),67908,13.6,34620
2001,Central,Polk County (FL),67606,13.9,34442
2000,Central,Polk County (FL),63420,13.2,35438
1999,Central,Polk County (FL),65969,13.9,33371
1998,Central,Polk County (FL),70280,15.5,32654
1997,Central,Polk County (FL),74345,16.6,31030
1996,Central,Polk County (FL),0,0,0
1995,Central,Polk County (FL),73866,16.8,29393
1993,Central,Polk County (FL),76333,17.9,26244
1989,Central,Polk County (FL),58488,14.5,22028
2017,Northeast,Putnam County (FL),18954,26.3,34390
2016,Northeast,Putnam County (FL),15220,21.5,37526
2015,Northeast,Putnam County (FL),19291,27.3,32351
2014,Northeast,Putnam County (FL),20167,28.5,32054
2013,Northeast,Putnam County (FL),19084,26.9,32852
2012,Northeast,Putnam County (FL),18445,25.7,33593
2011,Northeast,Putnam County (FL),20254,27.9,31150
2010,Northeast,Putnam County (FL),19414,26.7,33300
2009,Northeast,Putnam County (FL),18380,25.6,31492
2008,Northeast,Putnam County (FL),16680,23.1,35168
2007,Northeast,Putnam County (FL),14650,20.2,33282
2006,Northeast,Putnam County (FL),16086,22.1,31755
2005,Northeast,Putnam County (FL),15013,20.9,30958
2004,Northeast,Putnam County (FL),12544,17.3,30098
2003,Northeast,Putnam County (FL),13436,18.8,28664
2002,Northeast,Putnam County (FL),13660,19.3,27191
2001,Northeast,Putnam County (FL),13755,19.7,27095
2000,Northeast,Putnam County (FL),13280,19.1,27839
1999,Northeast,Putnam County (FL),13381,19.2,26869
1998,Northeast,Putnam County (FL),14655,21,26121
1997,Northeast,Putnam County (FL),15431,22.1,25318
1996,Northeast,Putnam County (FL),0,0,0
1995,Northeast,Putnam County (FL),16846,24.2,24590
1993,Northeast,Putnam County (FL),16633,24.3,21751
1989,Northeast,Putnam County (FL),13038,20.1,18783
2017,Northeast,St. Johns County (FL),20118,8.3,77022
2016,Northeast,St. Johns County (FL),17838,7.7,78544
2015,Northeast,St. Johns County (FL),22001,9.8,71896
2014,Northeast,St. Johns County (FL),17572,8.2,66560
2013,Northeast,St. Johns County (FL),19822,9.6,66312
2012,Northeast,St. Johns County (FL),18967,9.5,62112
2011,Northeast,St. Johns County (FL),18132,9.4,63299
2010,Northeast,St. Johns County (FL),22672,12,60841
2009,Northeast,St. Johns County (FL),16183,8.7,62180
2008,Northeast,St. Johns County (FL),14209,7.9,67238
2007,Northeast,St. Johns County (FL),11635,6.7,63728
2006,Northeast,St. Johns County (FL),12709,7.6,58306
2005,Northeast,St. Johns County (FL),11880,7.5,57277
2004,Northeast,St. Johns County (FL),11976,7.5,55712
2003,Northeast,St. Johns County (FL),12267,8.2,52758
2002,Northeast,St. Johns County (FL),10572,7.5,51587
2001,Northeast,St. Johns County (FL),10451,7.8,50737
2000,Northeast,St. Johns County (FL),9312,7.3,52244
1999,Northeast,St. Johns County (FL),9926,8.2,48732
1998,Northeast,St. Johns County (FL),10146,8.5,45345
1997,Northeast,St. Johns County (FL),10797,9.4,42857
1996,Northeast,St. Johns County (FL),0,0,0
1995,Northeast,St. Johns County (FL),11411,10.6,39519
1993,Northeast,St. Johns County (FL),11518,11.8,33007
1989,Northeast,St. Johns County (FL),8426,10.2,27106
2017,Southeast,St. Lucie County (FL),39839,12.8,49995
2016,Southeast,St. Lucie County (FL),51657,17,45509
2015,Southeast,St. Lucie County (FL),48570,16.4,45918
2014,Southeast,St. Lucie County (FL),49752,17.3,42722
2013,Southeast,St. Lucie County (FL),53893,19,42825
2012,Southeast,St. Lucie County (FL),49151,17.5,41934
2011,Southeast,St. Lucie County (FL),56387,20.3,41384
2010,Southeast,St. Lucie County (FL),48578,17.6,39378
2009,Southeast,St. Lucie County (FL),41047,15.6,44545
2008,Southeast,St. Lucie County (FL),33941,12.9,44788
2007,Southeast,St. Lucie County (FL),27776,10.8,46127
2006,Southeast,St. Lucie County (FL),31585,12.6,44466
2005,Southeast,St. Lucie County (FL),29134,12.3,42048
2004,Southeast,St. Lucie County (FL),27082,11.3,39377
2003,Southeast,St. Lucie County (FL),28970,12.9,37407
2002,Southeast,St. Lucie County (FL),26969,12.8,35990
2001,Southeast,St. Lucie County (FL),26534,13.1,35168
2000,Southeast,St. Lucie County (FL),24404,12.5,36172
1999,Southeast,St. Lucie County (FL),25728,13.5,33427
1998,Southeast,St. Lucie County (FL),26693,14.7,31625
1997,Southeast,St. Lucie County (FL),27105,15.1,30788
1996,Southeast,St. Lucie County (FL),0,0,0
1995,Southeast,St. Lucie County (FL),27174,15.4,30392
1993,Southeast,St. Lucie County (FL),27025,15.9,26455
1989,Southeast,St. Lucie County (FL),19683,13.1,22591
2017,Northwest,Santa Rosa County (FL),17183,10.2,65434
2016,Northwest,Santa Rosa County (FL),17308,10.6,62668
2015,Northwest,Santa Rosa County (FL),19681,12.3,59289
2014,Northwest,Santa Rosa County (FL),17564,11.2,58587
2013,Northwest,Santa Rosa County (FL),21291,13.8,54876
2012,Northwest,Santa Rosa County (FL),18676,12.3,59854
2011,Northwest,Santa Rosa County (FL),16848,11.3,53155
2010,Northwest,Santa Rosa County (FL),18609,12.6,51208
2009,Northwest,Santa Rosa County (FL),16912,11.4,53419
2008,Northwest,Santa Rosa County (FL),15552,10.6,54174
2007,Northwest,Santa Rosa County (FL),15391,10.7,50935
2006,Northwest,Santa Rosa County (FL),15260,10.8,52453
2005,Northwest,Santa Rosa County (FL),12586,9,47005
2004,Northwest,Santa Rosa County (FL),13459,9.6,46298
2003,Northwest,Santa Rosa County (FL),13596,10,44636
2002,Northwest,Santa Rosa County (FL),12827,9.8,43115
2001,Northwest,Santa Rosa County (FL),12904,10.3,42051
2000,Northwest,Santa Rosa County (FL),11828,9.9,42626
1999,Northwest,Santa Rosa County (FL),12157,10.5,40646
1998,Northwest,Santa Rosa County (FL),13734,11.3,39110
1997,Northwest,Santa Rosa County (FL),13912,11.8,37201
1996,Northwest,Santa Rosa County (FL),0,0,0
1995,Northwest,Santa Rosa County (FL),13410,12.2,36537
1993,Northwest,Santa Rosa County (FL),12602,12.6,31995
1989,Northwest,Santa Rosa County (FL),9378,11.5,26352
2017,West,Sarasota County (FL),38065,9.2,58423
2016,West,Sarasota County (FL),43904,10.8,55088
2015,West,Sarasota County (FL),38874,9.7,55882
2014,West,Sarasota County (FL),42343,10.8,52109
2013,West,Sarasota County (FL),49989,13,48717
2012,West,Sarasota County (FL),48338,12.7,48239
2011,West,Sarasota County (FL),44010,11.7,47457
2010,West,Sarasota County (FL),48896,13.1,46047
2009,West,Sarasota County (FL),46001,12.7,45953
2008,West,Sarasota County (FL),36035,9.9,49001
2007,West,Sarasota County (FL),29677,8.1,50031
2006,West,Sarasota County (FL),32806,9,48626
2005,West,Sarasota County (FL),32621,9.1,44789
2004,West,Sarasota County (FL),27571,7.6,44023
2003,West,Sarasota County (FL),29367,8.4,42355
2002,West,Sarasota County (FL),28687,8.4,41360
2001,West,Sarasota County (FL),28158,8.4,41312
2000,West,Sarasota County (FL),23817,7.3,42265
1999,West,Sarasota County (FL),23991,7.5,40501
1998,West,Sarasota County (FL),25111,8.2,39676
1997,West,Sarasota County (FL),26344,8.7,37660
1996,West,Sarasota County (FL),0,0,0
1995,West,Sarasota County (FL),27289,9.2,34448
1993,West,Sarasota County (FL),29009,9.9,30710
1989,West,Sarasota County (FL),18994,6.8,27947
2017,Central,Seminole County (FL),51321,11.2,63865
2016,Central,Seminole County (FL),51750,11.4,61253
2015,Central,Seminole County (FL),51205,11.5,57357
2014,Central,Seminole County (FL),51782,11.8,56443
2013,Central,Seminole County (FL),55555,12.9,55195
2012,Central,Seminole County (FL),53737,12.6,54901
2011,Central,Seminole County (FL),48594,11.5,54449
2010,Central,Seminole County (FL),46071,11,57381
2009,Central,Seminole County (FL),42537,10.4,56201
2008,Central,Seminole County (FL),37905,9.3,58175
2007,Central,Seminole County (FL),36822,9.1,56315
2006,Central,Seminole County (FL),38932,9.6,56655
2005,Central,Seminole County (FL),32700,8.2,52390
2004,Central,Seminole County (FL),33878,8.5,50842
2003,Central,Seminole County (FL),35215,9.1,49267
2002,Central,Seminole County (FL),31440,8.2,48957
2001,Central,Seminole County (FL),30082,8,49287
2000,Central,Seminole County (FL),27536,7.4,50122
1999,Central,Seminole County (FL),29178,8,46559
1998,Central,Seminole County (FL),31514,8.8,44113
1997,Central,Seminole County (FL),34512,9.8,43061
1996,Central,Seminole County (FL),0,0,0
1995,Central,Seminole County (FL),33444,9.9,41428
1993,Central,Seminole County (FL),32412,9.9,37574
1989,Central,Seminole County (FL),20107,7,33906
2017,Central,Sumter County (FL),10672,9.1,57931
2016,Central,Sumter County (FL),12115,10.5,56568
2015,Central,Sumter County (FL),11178,10.1,54592
2014,Central,Sumter County (FL),11528,10.9,51907
2013,Central,Sumter County (FL),11785,12,52670
2012,Central,Sumter County (FL),12745,13.7,47017
2011,Central,Sumter County (FL),12839,14.5,44595
2010,Central,Sumter County (FL),11035,13,45165
2009,Central,Sumter County (FL),10451,15.6,46586
2008,Central,Sumter County (FL),8446,13.2,48106
2007,Central,Sumter County (FL),7980,12.9,42828
2006,Central,Sumter County (FL),7749,13.1,42459
2005,Central,Sumter County (FL),7907,14.4,36194
2004,Central,Sumter County (FL),6913,12.5,37523
2003,Central,Sumter County (FL),6817,13.1,34044
2002,Central,Sumter County (FL),7537,15,31673
2001,Central,Sumter County (FL),7640,15.4,30559
2000,Central,Sumter County (FL),7129,14.9,31730
1999,Central,Sumter County (FL),6789,14.4,30090
1998,Central,Sumter County (FL),7339,19.2,27360
1997,Central,Sumter County (FL),7922,21.4,25601
1996,Central,Sumter County (FL),0,0,0
1995,Central,Sumter County (FL),7790,22.4,24024
1993,Central,Sumter County (FL),7015,21.7,20055
1989,Central,Sumter County (FL),5977,19.7,17208
2017,Northeast,Suwannee County (FL),8299,20.3,44144
2016,Northeast,Suwannee County (FL),8244,20.4,40572
2015,Northeast,Suwannee County (FL),9499,23.6,37368
2014,Northeast,Suwannee County (FL),9559,23.7,38177
2013,Northeast,Suwannee County (FL),9896,24.6,35666
2012,Northeast,Suwannee County (FL),11303,28.1,34434
2011,Northeast,Suwannee County (FL),9989,24.7,34947
2010,Northeast,Suwannee County (FL),8366,20.9,39259
2009,Northeast,Suwannee County (FL),7749,19.7,34372
2008,Northeast,Suwannee County (FL),7783,19.9,34427
2007,Northeast,Suwannee County (FL),6930,17.8,36054
2006,Northeast,Suwannee County (FL),7026,18.1,32847
2005,Northeast,Suwannee County (FL),6598,17.5,33114
2004,Northeast,Suwannee County (FL),5805,15.3,31744
2003,Northeast,Suwannee County (FL),6106,16.5,29523
2002,Northeast,Suwannee County (FL),6092,16.9,28756
2001,Northeast,Suwannee County (FL),6207,17.5,28907
2000,Northeast,Suwannee County (FL),5684,16.3,30044
1999,Northeast,Suwannee County (FL),5392,15.7,28476
1998,Northeast,Suwannee County (FL),5588,17,27229
1997,Northeast,Suwannee County (FL),5893,18.2,26070
1996,Northeast,Suwannee County (FL),0,0,0
1995,Northeast,Suwannee County (FL),6127,19.1,25175
1993,Northeast,Suwannee County (FL),5697,19.3,21782
1989,Northeast,Suwannee County (FL),4893,18.4,19118
2017,Northeast,Taylor County (FL),4556,23.8,41557
2016,Northeast,Taylor County (FL),4291,22.5,40180
2015,Northeast,Taylor County (FL),4061,21.2,39116
2014,Northeast,Taylor County (FL),4475,23.4,36374
2013,Northeast,Taylor County (FL),4583,23.9,38370
2012,Northeast,Taylor County (FL),4617,24.2,36257
2011,Northeast,Taylor County (FL),4391,22.7,33863
2010,Northeast,Taylor County (FL),3968,20.6,35343
2009,Northeast,Taylor County (FL),4303,23.8,34240
2008,Northeast,Taylor County (FL),4174,22.9,36349
2007,Northeast,Taylor County (FL),3391,18.5,38056
2006,Northeast,Taylor County (FL),3764,20.6,34900
2005,Northeast,Taylor County (FL),3329,18.4,32680
2004,Northeast,Taylor County (FL),2872,15.9,31784
2003,Northeast,Taylor County (FL),3010,16.9,30871
2002,Northeast,Taylor County (FL),3102,17.3,30186
2001,Northeast,Taylor County (FL),3234,18.1,29804
2000,Northeast,Taylor County (FL),3178,17.8,30702
1999,Northeast,Taylor County (FL),3205,17.8,29165
1998,Northeast,Taylor County (FL),3704,20.4,28824
1997,Northeast,Taylor County (FL),3956,22,27354
1996,Northeast,Taylor County (FL),0,0,0
1995,Northeast,Taylor County (FL),3773,21.2,25912
1993,Northeast,Taylor County (FL),3627,20.6,23355
1989,Northeast,Taylor County (FL),3059,17.7,20775
2017,Northeast,Union County (FL),2291,22.2,47373
2016,Northeast,Union County (FL),2512,24.7,43795
2015,Northeast,Union County (FL),2710,26.2,41078
2014,Northeast,Union County (FL),2515,24.3,40207
2013,Northeast,Union County (FL),2463,23.8,40841
2012,Northeast,Union County (FL),2711,26.2,39486
2011,Northeast,Union County (FL),2676,25.3,40743
2010,Northeast,Union County (FL),2604,24.3,40523
2009,Northeast,Union County (FL),2612,26.5,38077
2008,Northeast,Union County (FL),2294,23.6,42734
2007,Northeast,Union County (FL),2070,21.5,41124
2006,Northeast,Union County (FL),1900,19.4,37740
2005,Northeast,Union County (FL),1962,20.3,35592
2004,Northeast,Union County (FL),1770,18.2,33821
2003,Northeast,Union County (FL),1765,18.1,32847
2002,Northeast,Union County (FL),2081,21.3,32429
2001,Northeast,Union County (FL),2042,21.4,32811
2000,Northeast,Union County (FL),1881,19.9,33779
1999,Northeast,Union County (FL),1571,16.8,32242
1998,Northeast,Union County (FL),1790,19.7,31996
1997,Northeast,Union County (FL),2054,23.2,29968
1996,Northeast,Union County (FL),0,0,0
1995,Northeast,Union County (FL),1670,19.4,27882
1993,Northeast,Union County (FL),1691,20.1,25590
1989,Northeast,Union County (FL),1323,16.9,21920
2017,Northeast,Volusia County (FL),79877,15.2,46911
2016,Northeast,Volusia County (FL),73420,14.2,45356
2015,Northeast,Volusia County (FL),82326,16.3,42334
2014,Northeast,Volusia County (FL),87670,17.7,40881
2013,Northeast,Volusia County (FL),81107,16.6,40908
2012,Northeast,Volusia County (FL),95456,19.7,40114
2011,Northeast,Volusia County (FL),84021,17.4,38477
2010,Northeast,Volusia County (FL),79513,16.5,41368
2009,Northeast,Volusia County (FL),73142,15.2,41390
2008,Northeast,Volusia County (FL),62490,12.9,45831
2007,Northeast,Volusia County (FL),68393,14.1,42268
2006,Northeast,Volusia County (FL),62089,12.9,40857
2005,Northeast,Volusia County (FL),54854,11.6,38457
2004,Northeast,Volusia County (FL),53524,11.2,37247
2003,Northeast,Volusia County (FL),56767,12.2,36100
2002,Northeast,Volusia County (FL),55672,12.2,35010
2001,Northeast,Volusia County (FL),53932,12.1,34740
2000,Northeast,Volusia County (FL),48592,11.1,35278
1999,Northeast,Volusia County (FL),49698,11.5,33016
1998,Northeast,Volusia County (FL),54218,12.9,31269
1997,Northeast,Volusia County (FL),58694,14.2,29843
1996,Northeast,Volusia County (FL),0,0,0
1995,Northeast,Volusia County (FL),60255,14.8,28253
1993,Northeast,Volusia County (FL),61454,15.4,26260
1989,Northeast,Volusia County (FL),41195,11.3,21949
2017,Northwest,Wakulla County (FL),3746,12.9,55717
2016,Northwest,Wakulla County (FL),3728,13.1,56158
2015,Northwest,Wakulla County (FL),4623,16.5,48703
2014,Northwest,Wakulla County (FL),4185,15.1,51642
2013,Northwest,Wakulla County (FL),4361,15.9,47430
2012,Northwest,Wakulla County (FL),4416,16.1,46773
2011,Northwest,Wakulla County (FL),4025,14.6,50716
2010,Northwest,Wakulla County (FL),3856,14.1,47566
2009,Northwest,Wakulla County (FL),4186,14.1,48022
2008,Northwest,Wakulla County (FL),3773,13,48012
2007,Northwest,Wakulla County (FL),3169,11.3,46997
2006,Northwest,Wakulla County (FL),3369,12.2,47672
2005,Northwest,Wakulla County (FL),3103,11.8,41863
2004,Northwest,Wakulla County (FL),2743,10.4,39849
2003,Northwest,Wakulla County (FL),2815,11.1,38076
2002,Northwest,Wakulla County (FL),2996,12.2,36732
2001,Northwest,Wakulla County (FL),3055,13,36802
2000,Northwest,Wakulla County (FL),2753,12.2,37761
1999,Northwest,Wakulla County (FL),2581,11.8,36071
1998,Northwest,Wakulla County (FL),2589,13.5,35903
1997,Northwest,Wakulla County (FL),2559,13.7,34492
1996,Northwest,Wakulla County (FL),0,0,0
1995,Northwest,Wakulla County (FL),2513,13.9,33085
1993,Northwest,Wakulla County (FL),2584,15.4,27620
1989,Northwest,Wakulla County (FL),2312,16.3,22011
2017,Northwest,Walton County (FL),10493,15.9,52922
2016,Northwest,Walton County (FL),8331,13.1,54686
2015,Northwest,Walton County (FL),9104,14.8,47875
2014,Northwest,Walton County (FL),9357,15.8,46867
2013,Northwest,Walton County (FL),11147,19.3,45357
2012,Northwest,Walton County (FL),10111,18.2,40239
2011,Northwest,Walton County (FL),7688,14.3,44763
2010,Northwest,Walton County (FL),8759,16.5,44622
2009,Northwest,Walton County (FL),8367,15.8,42854
2008,Northwest,Walton County (FL),7704,14.9,43779
2007,Northwest,Walton County (FL),5974,11.8,45288
2006,Northwest,Walton County (FL),6668,13.3,42115
2005,Northwest,Walton County (FL),6245,13,38799
2004,Northwest,Walton County (FL),5537,11.5,37350
2003,Northwest,Walton County (FL),6268,13.5,34884
2002,Northwest,Walton County (FL),6666,15,32697
2001,Northwest,Walton County (FL),6716,15.8,31719
2000,Northwest,Walton County (FL),6070,14.9,32368
1999,Northwest,Walton County (FL),5621,14.5,30084
1998,Northwest,Walton County (FL),6319,16.9,27971
1997,Northwest,Walton County (FL),6880,18.8,27211
1996,Northwest,Walton County (FL),0,0,0
1995,Northwest,Walton County (FL),6903,19.4,26599
1993,Northwest,Walton County (FL),6013,18.7,23332
1989,Northwest,Walton County (FL),5207,18.6,18251
2017,Northwest,Washington County (FL),4646,21.1,36052
2016,Northwest,Washington County (FL),5026,22.8,34787
2015,Northwest,Washington County (FL),5451,24.8,36328
2014,Northwest,Washington County (FL),4348,20,36482
2013,Northwest,Washington County (FL),5132,23.4,35671
2012,Northwest,Washington County (FL),5003,22.6,36560
2011,Northwest,Washington County (FL),5409,24.3,35004
2010,Northwest,Washington County (FL),4691,21.1,35378
2009,Northwest,Washington County (FL),4490,21,36519
2008,Northwest,Washington County (FL),4948,23.2,34632
2007,Northwest,Washington County (FL),3968,18.9,34535
2006,Northwest,Washington County (FL),4072,19.3,32982
2005,Northwest,Washington County (FL),3855,18.8,31104
2004,Northwest,Washington County (FL),3216,15.5,30138
2003,Northwest,Washington County (FL),3500,17.2,28587
2002,Northwest,Washington County (FL),3617,18,27671
2001,Northwest,Washington County (FL),3772,19,27432
2000,Northwest,Washington County (FL),3640,18.3,28503
1999,Northwest,Washington County (FL),3585,18.2,27371
1998,Northwest,Washington County (FL),3944,20.4,26444
1997,Northwest,Washington County (FL),4257,22.5,25224
1996,Northwest,Washington County (FL),0,0,0
1995,Northwest,Washington County (FL),4138,22.4,24177
1993,Northwest,Washington County (FL),3768,21.2,20842
1989,Northwest,Washington County (FL),3733,22.4,17190